order_id,pr1,pr2,pr3,pr4,pr5,pr6,pr7,pr8,pr9,pr10,pr11,pr12,pr13,pr14,pr15,pr16,pr17,pr18,pr19,pr20,pr21,pr22,pr23,pr24,pr25,pr26,pr27,pr28,pr29,pr30,pr31,pr32,pr33,pr34,pr35,pr36,pr37,pr38,pr39,pr40,pr41,pr42,pr43,pr44,pr45,pr46,pr47,pr48,pr49,pr50,pr51,pr52,pr53,pr54,pr55,pr56,pr57,pr58,pr59,pr60,pr61,pr62,pr63,pr64,pr65,pr66,pr67,pr68,pr69,pr70,pr71,pr72,pr73,pr74,pr75,pr76,pr77,pr78,pr79,pr80,pr81,pr82,pr83,pr84,pr85,pr86,pr87,pr88,pr89,pr90,pr91,pr92,pr93,pr94,pr95,pr96,pr97,pr98,pr99,pr100,pr101,pr102,pr103,pr104,pr105,pr106,pr107,pr108,pr109,pr110,pr111,pr112,pr113,pr114,pr115,pr116,pr117,pr118,pr119,pr120,pr121,pr122,pr123,pr124,pr125,pr126,pr127,pr128,pr129,pr130,pr131,pr132,pr133,pr134
105817,,,,,,,,,,,,,,,,,,,,,X,,,,,,,,,,,,,,,X,,,X,,,,,,,,,,,,,,X,,,,,,,,,,,,,,,,,,,,,,,,,,,,,,X,,,,,,,,,,,,,,,,,X,,,,X,,,,,,,,,,X,,,,,,,,,X,,,,,,,,,,,
3036593,,,,,,,,,,,,,,,,,,,,,,,,,,,,,,,,,,,,,,,,,,,,,,,,,,,,,,,,,,,,,,,,,,,,,,,,,,,,,,,,,,,,,,,,,,,,,,,,,,X,,,,,,,,,,,,,,,,,,,,,,,,,,,,,,,,,,,,
3393304,,,,,,,,,,,,,,,,,,,,,,,X,,,,,,,X,,,,,,,X,,,,,X,,,,,,,,,,,,,,,,,,,,,,,,,,,X,,,,,,,,,,,,,,X,X,,,,,,,,,,,,,,,,,,,,X,,,,X,,,,,,,X,,,,,,,,X,,,,,,,,,,,
436753,,,,,,,,,,,,,,X,,,,,,,,,,X,,,,,,,,,,,,,,,,,,,,,,,,,,,,,,,,,,,,,,,,,,,,,,,,,,,,,,,,,,,X,,,,,,,,,,,,,,,,,,,,,,,,,,,,,,,,,,,,,,,,,,,,,,,,,,,
10162,,,,,,,,,,,,,,,,,,,,,,,,X,,,,,,,,,,,,,,,,,,,,,,,,,,,,,,,,,,,,,,,,,,,,,,,,,,,,,,,,,,,X,,,,,,,,,,,,,,,,,,,,,,,X,,,,,,,,,X,,,,,,,,X,,,,,,,,,,,
736936,,,,,,,,,,,,,,,,X,,,,,,,,X,,,,,,,,,,,,,,,,,,,,,,,X,,,,,X,,,,,,,,,,,,,,,,,,,,,,,,,,,,,,,X,,,,,,,,,,,,X,,,,,,,,,,,,,,,,,,,,,,,,,X,,,X,,,,,,,,X,,,
2668930,,,,,,,,,,,,,,,,,,,,X,,,,X,,,,,,,,,,,,,,,,,,,,,,,,X,,,,,,,,,,,,,,,,,,,,,,,,,,,X,,,,,,,,,,,,,,,,,,,,,X,,,,,,,,,,,,,,,,,,X,,,,,,,,,,,,,,,,,,,,
2344991,,,,,,,,,,,,,,,,,,,X,,,,,X,,,,,,,,,,,,,,,,,,,,,,,,,,,,,,,,,,,,,,,,,,,,,,,,,,,,,,,,,,,,,,,,,,,,,,,,,,,,,,,,,,,,,,,,,,,,,,,,,,,X,,,,,,,,,,,
213934,,,,,,,,,,,,,,,,,,,,,X,,,X,,,,,,,X,,,,,,,,,,,,,,,,,,,,,,,,,,,,,,,,,,,,,,,,,,,,,,,,,,,,X,,,,,X,,,,,,,,X,,,,,,,,,,,,,,,,,,,,,,,,,,,,,,,,,,,,,,
118155,,X,,,,,,,,,,,,,,,,,,,X,,,X,,,,,,,,,,,,,,,,,,,,,,,,,,,,,,,,,,,,,,,,,,,,,,,,,,,,,,,,,,,X,,,,,,,,,,,,,,,,,,,,,,,,,,,X,,,,,,,,,,,,,,,,,,,,,,,,
2571386,,,,,,,,,,,,,,,,,,,,,,,,X,X,,,,,,,,,,,,,,,,,,,,,,,,,,,,,,,,,,,,,,,,,,,,,,,,,,,,,,,,,,X,,,,,,,,,,,,,,,,,,,,,,,,X,,,,,,,,,,,,,,,,X,,,,,,,,,,,
2975416,,,X,,,,,,,,,,,,,,,,,,,,,X,,,,,,,,,,,,,,,,,,,,,X,,,,,,,,,,,,,,,,,,,,,,,,,,,,,,,,,,,,,,,,,,,,,,,,,,,,,,,,,,,,,,,,,,,,,,,,,,,,,,,,,,,,X,,,,,
3324049,,,,,,,,,,,,,,,,,,,,,,,,X,,,,,,,,X,,,,,,,,,,,,,,,,,,,,,,,,,,,,,,,,,,,,,,,,,,,,,,,,,,,,,,,,,,,,,,,,,,,,,,,,,,,,,,,,,,,X,,,,,,,,,,,,,,,,,,,
2553995,,,,,,,,,X,,,,,,,,,,,,,,,,,,,,,,,,,,,,,,,,,,,,,,,,,,,,,,,,,,X,,,,,,,,,,,,,,,,,,,,,,,,,X,,,,,,,,,,,,,,,,,,,,,,,,,,,,,,,,,,,,,,,,,,,,,,,,,,
1516539,,,X,,,,,,,,,,,,,,X,,,,X,,,,,,,,,,,,,,X,,,,,,,,,,,,,,,,,,,,,,,,,,,,,,X,X,,,,,,,,,,,,,,,,,,,,X,,,,,X,,,,,,,,,,,,,,,,,X,,,,,,,,X,,,,X,,,X,,,,,,,,,,,
458448,,,,,,,,,,,,,,,,,,,,,,,,,,,,,,,,,,,,,,,,,,,,,,,,,,,,,,,,,,,,,,,,,,,,,,,,,,,,,,,,,,,,,,,,X,,,,,,,,,,,,X,,,,,,,,,,,,,,,,,,,,,,,X,,,,,,,,,,,
2202227,,,,,,,,,,,,,,,,X,X,,X,,,,,X,,,,,,,X,X,,,,,,,,,,,,,X,,,,,,,,,,,,,,,,,,,,,,,,,,,,,,,,,,,,,,X,,,,,,,,,,,,,,,,,,,,,,,X,,X,,,,,,,,X,X,,,,,,X,,,,,,,,,,,
1785418,,,,,,,,,,,,,X,,,,,,,,,,,X,,,,,,,,,,,,,,X,,,,,,,,,,,,,,,,,,,,,,,,,,,,,,,,,,,,,,,,,,,,,,,,,,,,,,,,,,,,,,,,,,,,,,,,,,,,,,,X,,,,,,,,,,,,,,,,,
966298,,,,X,,,,,,,,,,,,X,X,,,,X,,,X,,,,,,,,,,,,,,,,,,,,,,,,,,,,,,,,,,,,,,,,,,,,,,,,,,,,,,,,,,,X,X,,,,,,,,,,,,,,,,,,,,,,,,,,,,X,,,,,,,,,,,,,,,,,,,X,,,
1450868,,,,,,,,,,,,,,,,,X,,,,X,,,X,,,,,,,,,,,,X,,,,,,,X,,,,,,,,,,,,,,X,,,,,,,,,,,,,,,,,,X,,,X,,,,,X,,,,,,,,,,,,,,,,,X,,,,,,,,X,,,,X,,,,,,,,,X,,X,,,,,,X,X,,,,
1317559,,,,,,,,,,,,,,,,,,,,,,,,,,,,,,,,,,,,,,,,,,,,,,,X,,,,,,,,,,,,,,,,,,,,,,,,,,,,,,,,,,,,,,,,,,,,,,X,,,,,,,,,,,,,,X,,,,,,,,,,,,,,,,,,,,,,,,,,,
393779,X,,,,,,,,,,,,,,,,,,X,,X,,,X,,,,,,,,,,,,,,,,,,,,,,,,,,,,,,X,,,,,X,,,,,,,,,,,,,,,X,,,X,,,,,,X,,,,,,X,,,,,X,,,,,,,,,,,,,,,,X,,,,,X,,,,,,,,X,,,,,,,,,,,
2969773,,,,,,,,,,,,,,,,,,,,,,,,X,,,,,,,X,,,,,,,,,,,,,,,,,,,,,,,,,,,,,,X,,,,,,,,,,,,,X,,,,,,,,,,X,,X,,,,,,,X,,,,,,,,,,,,,,,,,,,,,,,,,,,,,,,,,,,,,,,,,
2375643,,,,,,,,,,,,,,,,X,,,,,,,,X,,,,,,,,,,,,,,,,,,,,,,,,,,,,,,,,,,,X,,,,,,,,,,,,,,,,,,,,,,X,,X,,,,,,X,,X,,,,,,,,,,,,,X,,,,,,,,,,,X,X,X,,,,,,X,,,,,,,,,,,
2388350,,,,,,,,,,,,,,,,,,,,,,,,X,,,,,,,,,,,,,,,,,,,,,,,,,,,,,,,,,,,,,,,,,,,,,,,,,,,,,,,X,,,,,,,,,,,,,,,,,,,,,,,,,,,,,,,,,,,,X,,,,,X,,,,,,,,,,,,,,
121349,,,,,,,,,,,,,,,,,,,,,,,,,,,,,,,,,,,,,,,,,,,,,,,,,,,,,,,,,,,,,,,,,,,,,,,,,,,,,,,,,,,,,,,,,,,,,,,,,,,,,,,,,,,,,,,,,,,X,,,,,,,,,,,,,,,,,,,
343417,,,,,,,,,,,,,,,,X,,,,,X,,X,X,,,,,,,,,,,,,,,,,,,,,,,,,,,,,,,,,,X,X,,,,,,,,,,,,,,,,,,,X,X,,,,X,,,,,,,,X,,,X,,,,,,X,,,,,,,,X,,,,X,,,,,X,,,X,,,X,,,,,,,,,,,
1107686,,,,,,,,,,,,,,,,,,,,,X,,,X,,,,,,,,,,,,,,,,,,,,,,,,,,,,,,,,,,,,,,,X,,,,,,,,,,,,,,,,,,,,X,,,,,,,,X,,,,,,,,,,,,,,,,,,,,,,,,X,,,,,X,,,,,,,,,,,,,,
3276786,,,,,,,,,X,,,,,,,,,,,X,,,,,,,,,,,,,,,,X,,,,,,,,,,,,,,,,,,,,,,,,,,,,,,,,,,,,,,,,,,,,,X,,X,,,,,,,,,,,,,,,,,,,,,,,,,,,,,,,,,,X,,,,,,,,,,,,,,,,,
2192347,,,,,,,,,X,,,,,,,,,,,,,,,,,,,,,,,,,,,,,,,,,,,,,,,,,,,,,X,,,,,,,,,,,,,,,,,,,,,,,,,,X,,,X,,,,,X,,,,,,,,,,,,,,,,,,,,,,,X,,,,,X,,,,,,,,,,,,,,,X,,,
1683712,,,,,,,X,,,,,,,,,,,,,,X,,,,,,,,,,,,,,,,,,,,,,,,,,,,,,,,,,,,,,,,,,,,,,,,,,,,,,,,,,,,,,,,,,,,,,,,,,,X,,X,,,,,,,,,X,,,,,X,,,,,,,,,,,,,,,,,,,,,,
1830784,,,,,,,,,,,,,,,,,,,,,X,,,X,,,,,,,,X,,,,,,X,,,,,,,,,,,,X,,,,,,,,,X,,,,,,,,,,,,,,,,,,,X,,,,,,,,,,,,,,,,,,,,,,,,,,,,,X,,,,,,,,,,X,,,X,,,,,,,,,X,,,,,
1962716,,,,,,,,,,,,,,,,,,,,,,,,,,X,,,,,,,,,,,,,,X,,,X,,,,,,X,,,,,X,,,,,,,,,X,,,,X,,,,,,,,,,,,,,,,,,,,,,,,X,,,,,,,,,X,,,,,,,,,,,,X,,,,X,,,,X,,,X,,,,,,,,,,,
842517,,,,,,,,,,,,,,,,,,,,,,,,,,,,,,,,,,,,,,,,,,,,,,,,,,,,,,,,,,,,,,,,,,,,,,,,,,,,,X,,,,,,,,,,,,,,,,,,,,,,,,,,,,,,,,,,,,,,X,,,,,,,,,,,,,,,,,,,
2024317,,,,,,,,,,,,,,,,,,,,,X,,,X,,,,,,,,,,,,,,,,,,,,,,,,,,,,,,,,,,,,,,,X,,,,,,,,,,,,,,,,,,,,X,,,X,,,,,,,,X,,,,,,,,,,,,,,,,,,,,,,X,,,,,,,,,,,,,,,,,,
2544765,,,,,,,,,,,,,,,,,,,,,,,,,,,,,,,,,,,,,,,,,,,,,,,,,,,,,,,,,,,,,,,,,,,,,,,,,,,,,,,,,,,,,,,,,,,,,,,,,,,,,,,,,,,,,,,,,,,,,,,,,,,,X,,,,,,,,,,
1287593,,,,,,,,,,,,,,X,,,,,,,,,,,,,,,,,,,,,,,,,,,,X,,,,,,,,,,,,,,,,,,,,,,,,,,,,,,X,,,,,,,,,,,,,,,,,,,X,,,,,,,,,,,,,,,,,X,,,,,,,,,,,,,,,,,,,,,,,,,,
2157590,,,,,,X,,,,,,,,,,,,,,,,,X,X,,,,,X,,X,,,,,,X,,,,,,X,,X,,,,,,,X,,X,,,,,,X,,,,,,,,,,,,,,,,,X,X,,,,,,,,,,,,,,,,X,,,,,,X,,,,,,X,X,,,,,,,,,,,,,X,,,,,,,,,,,,,,
3259398,,,,,,,,,,,,,,,,,,,,,,,,,,,,,,,,,,,,,,,,,,,,,,,,,,,,,,,,,,,,,,,,,,,,,,,,,,,,,,,,,,,X,,,,,,,,,,,,,,,,,,,,,,,,,,,,,,,,,,,,,,,,X,,,,,,,,,,,
1597506,,,,,,,,,,,,,,,,,,,,,,,,,,,,,,,,,,,,,,,,,,,,,,,,,,,,,,X,,,,,,,,,,,,,,,,,,X,,,,,X,X,,,,,,,,,,,X,,,,,,,,,,,,,,,,,,,X,,,,,,,X,,,,,,,,,,,,,,,,,,,
3346132,,,,,,,,,,,,,,,,,,,,,,,,,,,,,,,,,,,,,,X,,,,,,,,,,,,,,,,,,,,,,,,,,,,,,,,,,,,,,,,,,,,,X,,,,,,,,,,,,,,,,,,,,,,,,,,,,,,,,,X,,,,,X,,X,,,,,,,,,,,
1462933,,,,,,,,,,,,,,,,,,,X,,,,,X,,,X,X,,,X,,,,,,,,,,,,,,,,,,,,,,,,,,,,X,,,,X,,,,,,,,,,,,,,,,,,,,X,,,,,,,,X,,,,,,,,,,,,,,,,,,,,,,,,,,,,,,,,X,,,,,,,,,,,
1401766,,,,,,,,,,,,,,,,,,,,,,,,X,,,,,,,,,,,,,,,,,,,,,,,,,,,,,,,,,,,,,,,,X,,,,,,,,,,,,,,X,,,,,,,,,,,,,,,X,,,,,,,,,,,,,,,,,,,,,,,,,,,,,,,,,,,,,,,,,
3077148,,,,,,,,X,,,,,,,,,,,,,,,,X,,,,,,,,,,,,,,,,,,,,,,,,,,,,X,,,,,,,,,,,,,,,,,,,,,,,,,,,,,,,X,X,,,,,,,,,,,,X,,,,,,,,X,,,,,,,,X,,,,X,,,,,,,X,,,,,,,,,,,
2935063,,,,,,,,,,,,,,X,,,,,,,,,,X,,,,,,,,,,,,,,,,,,,,,,,,,,,,,,,,,,,,,,,,,,,,,,,,,,,,,,X,,,,,X,,,,,,,,X,,,,,,,,,,,,,,,,,,,,,,,,,X,,,,,,,,,,,,,,,,,,
1223998,,,X,,,,,,,,,,,,,,,,,,,,,X,,X,,,,,X,X,,X,,X,,X,,,,,,,X,,X,,,,,,X,,,,,,,,,,,X,,,,,,,,,,,,,,,,,,,,,,,,,,,,X,,,,,,,X,,X,,,,,,,,,,,,,X,,,,,,,,,,,,,,,,,,,,
2318221,,,,,,,,,,,,,,,,,,,,,X,,,X,,,,,,,,,,,,,X,,,,,,X,,,,,,,,,,X,,,,,,,,,,,,,,X,,,,,,,,,,,X,,,,,,X,,,,,,,,,,X,,,,X,,,,,,,,,X,,,,,,,,X,,,,,,X,,X,,,,,,,,,,,
1584479,,,,,,,,,,,,,,,,,,,,,,,,X,,,,,,,,,,,,,,,,,,,,,,,,,,,,,,,,,,,,,,,,,,,,,,,,,,,,,,,,,,,,X,,,,,,,,,,,,,,,,,,,,,,,,X,,,,,,,X,,,,,X,,,X,,,,,,X,,,,,
2195745,,,,,,,,,,,,,,,,,,,,,,,,X,,,,,,,X,,,,,,,,,,,,,,,,,,,,,,,,,,,,,,,,,,,,X,,,X,,,,,,,,X,,,,,,X,,X,,,,,,,,,,X,,,,,,,,,,,,,,,,X,,,,,,,,X,,,X,,,,,,,,,,,
1568133,,,,,,,,,,,,,,,,,,,,,,,X,X,,,,,,,,X,,,,,,,,,,,,,,,,,,,,,,,,,,,,,,,,,,,,,,,,,,,,,,,,,,,X,,,,,,,,,,,,,,,,,,,,,,,,,,,,,,,,,,,,,,,,,,,,,,,,,,,
1756651,,,,,,,,,X,,,,,,,,,,X,,,,,X,X,,,,,,,,,,,,,,,,,,X,,,,,,,,,,,,,,,,,,,,,,,,X,,,,,X,,,,,,,,,,,X,,,,,,,,,,,,,,,,,,,,,,,,,,,,,,,X,X,,,,,,,,X,,,,,X,,,X,,,
1814083,,,,,,,,,,,,,,,,,,,,,,,,,,,,,,,,,,,,,,,,,,,,,,,,,,,,,,,,,,,,,,,,,,,,,,,,,,,,,,,,,,,,,,,,,,,X,,,,,,,,,,,,,X,,,,,,,,,,,,,,,,,,,,,,,,,,,,,,
369939,,,,,,,,,,,,,,,,,,,,,,,,,,,,,,,,,,X,,,,,,,,X,,,,,,,,,,,,,,,,,,,,,,,,,,,,,,,,,,,,,,,,,,,,,,,,,,,,,,,,,,,,,,,,,,,,,,,,,,,,,,,,,,,,,,,,,,,,
3334134,,,,,,,,,,,,,,,,,,,,,,,,X,,,,,,,,,,,,,,,,,,,,,,,,,,,,,,,,,,,,,,,,,,,,,,,,,,,,,X,,,,,,X,,,,,,,,,,,,,,,,,,,,,,,,,,,,,,,,X,,,,,,,,,,,,,,,,,,,
2716996,,,,,,,,,,,,,,,,,,,,,,,,X,,,,,,,,,,,,,,,,,,,,,,,,,,,,,,,,,,,,,,,,,,,,,,,,,,,,,,,,,,,,,,,,,,,,,,,,,,,,,,,,,,,,,,,,,,,,,,,,,,,X,,,,,,,,,,,
949146,,,,,,,,,,,,,,,,,,X,X,,,,,X,,,,,,,X,,,,,X,,,,,,,,,,,X,,,,,,,,,,,,,,,,X,,,,,,,,,,,,,,,,,,,,X,,,,,,,,,,,,,,,,,,,,,,,,X,,,,,,,,,,,,,X,,,,,,,,,,,,,,
2347821,,,,,,,,,,,,,,,,,X,,,,,,,,,,,,,,,,,,,,,,,,,,,,,,,X,,,,,,,,,,,,,,,,,,,X,,,,,,,,,,,,,,X,,X,X,,X,,,,,,X,,X,,,,,,,,,,,,,X,,,,,,,,,,,,,,,,X,,,,,,,X,,,,
1167999,,,,,,,,,,,,,,,,,,,,,,,,X,,,,,,,,,,,,,,,,,,,,,,,,,,,,,,,,,,,,,,,,X,,,,,,,,,,,,,,,,,,,,,,,,,,,,,,,,,,X,,,,,,,,,,,,,,,,,,,,,,,,,,,,,,,,,,,,
613527,,,,,,,,,,,,,,,,,,,,,,,,,,,,,,,,,,,,,,,,,,,,,,,,,,,,,,,,,,,,,,,,,,,,,,,,,,,,,X,,,,,,,,,,,,,,,,,,,,,,,,,,,,,,,,,,,,,,,,,,,,,,,,,,,,,,,,,
2149478,,,,,,,,X,,,,,,,,,,,,,,,,X,,,,,,,,X,,,,,,,,,,,,,,,,,,,,,,,,,,,,,,,,,,,,,,,,,,,,,,,,,,,X,,,,,,,,,,,,,X,,,,,,,,,,,,,,,,,,,,,,,,,,,X,,,,,,,,,,,
2753355,,,,,,,,,,,,,,,,,,,,,,,,X,,X,,,,,,,,,,,,,,,,,,,,,,,,,,,,,,,,,,,,,,,,,,,,,,,,,,,,,,,,,X,,,,,,,,X,,,,,,,,,,,,,,,,,,,,,,,,X,,,,,,,,X,,,,,,,,,,,
2808316,,,,,,,,,,,,,,,,,X,,,,,,,X,,X,,,,,,,,,,X,,,,,,,,,,,,,,,,,,,,,,,X,,,,,,,,,,,,,,,,,,,,,,X,,X,X,,X,,,,,,,,,,,,,,,,,,,,,,,,,,,,,,,,,,,,,,,,,,,,,,,,
2899059,,,,,,,,,,,,,,,,,,,,,X,,,X,,,,,,,X,,,,,,,,,,,X,,,,,,,,,,,,,,,,,,,,,,,,,,,,,,,,,,,,,,,,,X,,,,,,,,,,,,,X,,,,,,,,,,,,,,,,X,,,,,,,,X,,,X,,,,,,,,X,,,
2450241,,,,,,,X,,,,,,,,,,,,,,,,,X,,,,,,,,,,,,,,,,,,,,,,,,,,,,,,,,,,,,,,,,,,,,,X,,,,,,,,,,,,,,X,,,,,,,,,,,,,,,,,,,,,,,,,,,,,,,,,X,,,,X,,,X,,,,,,,,,,,
2114705,,,,,,,,,,,,,,,,,,,,,,,,,,,,,,,,,,,,,,,,,,,,,,,,,,,,,,,,,,,,,,,,,,,X,,,,,,,,,,,X,,,,,,,,,,,,,,,,,,,,,,,,,,,,,X,,,,,,,,,,,,,,,,X,,,,,,,,,,,
3363512,,,,X,,,,,,,,X,,,,,,,,,X,,,X,,,,,,,,,,,,,X,,,,,,,,,,,,,,,,,,,,,,X,,,,,,,,X,,,,,,,,,,X,,,,X,,X,,,,,X,,,X,,,X,,,,,,,,,,,,,X,,,,,,,,X,,,,,X,,,X,,,,,,,,,,,
1664888,,,,,,,,,,,,,X,,,,,,,,,,,,,,,,,,X,,,,,,,,,,,,,,,,,,,,,,,,,,,,,,,,,,,,,,,,,,,,,,X,,,,,,,,,X,,,,,,,,,,,,,,,,,,,,,,,,,,,,,,,,,,,,,X,,,,,,,,,,,
1457734,,,,,,,X,,,,,,,,,,,,,,,,,,,,,,,,,,,,,,,,,,,,,,,,,,,,,,,,,,,,,,,,,,,,X,,,,,,,,,,,,,,,,,,,,,,,,,,,,,X,,,,,,,,,,,,,,,,,,,,,,,,,,,X,,,,,X,,,,,,
3216680,,,,,,,,,,,,,,,,,,,,,,,,,,,,,,,,,,,,,,,,,,,,,,,,,,,,,,,,,,,,,,,,,,,,,,,,,,,,,,,,,,,,,,,,,,,,,,,,,,,,,,,,,,,,,,,,,,,,,,,,,,,X,,,,,,,,,,,
2027538,,,,,,,,,,,,,X,,,,,,,,,,,,,,,,,,,,,,,,X,,,,,,,,,,,,,,,,,,,,,,,,,,,,,,,,,,,,,,,,,,,,,,X,,,,,X,,,,X,,X,,X,,,,,,,,,,,,,,,,X,,,,,,,,X,,,X,,,,,,,,,,,
1246989,,,,,X,,,,X,,,X,,,,,,,,,X,,,X,,,,,,,,,,,,,,,,,,,,,,,,,,,,,,,,,,,,,,,,,,,,,,,,,,,,,,,,,,,X,X,,X,,,,,,,,,,,,,,,,,,X,,,,,,,,,,,,,,,X,,,,,,,,,X,,,,,,
872234,,,,,,,,,,,,,,,,,,,X,,,,,,,,,,,,,,,,,X,,,,,,,,,,,,,,,,,,,,,,,,,,,,,,X,,,,,,,,,,,,,,,,,X,,,,,,,,,,,,X,,,,,,,,,,,,,,,,,,,,,X,,,,,,,X,,,,,,,X,,,,
2354637,,,,,,X,,,,,,,,,,,,,,,,,,,,,,,,,,,,X,,,,,,,,,,,,,,,,,X,,,,,,,,,,,,,,,,,,,,,,,,,,,,,,,,,,,,,,,,,,,,X,,,,,,,,,,,,X,,,,,,,,,,,,,X,,,,,,,,,,,,,,
2660338,,,,,,,,,,,,,,,,,,,,,,,,,,,,,,,,,,,,,X,,,,X,,,X,,,,,,,,,,X,,,,,,,,,,,,,,,,,,,,,,,,,,,,,,,,,,,,,,,,,,,,,,,,,,,,,,,,,,,,,,,,,,,,,,,,,X,,,,,,,
103546,,,,X,,,,X,,,,,,,,,,,,,,,,X,,,,,,,,,,,X,,X,X,,,,,,,,,,,,X,,X,,,,,,,,,,,,,,,X,,,,,,,,,,,,,,,,X,,,,,,,,,X,,,,,,,X,,,,,,,,X,X,,,,,,,,,,,,X,,,,,,,,,,,,,,
1322217,,,,,,,,,,,,,,,,,,,,X,,,,,,,,,,,,,,,,,,,,,,,,,,,,,,,,,,,,,,,,,,,,,,,,,,,,,,,,,,,,,,,,,,,,,,,,,,,,,,,,,,,,,,,,,,,,,,,,,X,,,,,,X,,,,,,,,,,,
1211094,,,,,,,,,,,,,,,,,,,,,,,,,,,,,,,,,,,,,,,,,,,,,,,,,,,,,,,,,,,,,,,,,,,,,,,,,,,,,,,,,,,,,,,,,,,,,,,,X,,,,,,,,,,,,,,,,,,,,,,,,,,,,,,,,,,,,,,
1415580,,,,X,,,,,,,,,,,,,,,,,,,,X,,,,,,,X,,,,,,,,,,,,,,,,,,,,,,,,,,,,,,,,,,,X,,,,,,,,,,,,,,,,,,,,,,,,,,,,X,,,,X,,,,,,,,,X,,,,,,,,,,X,,,X,,,,,,,,,,,,,,
1559898,,X,,,,,,,,,,,,,,,,,,,,,,X,,,,,,,X,,,,,,,,,,,,,,,,,,,,,X,,,,,,,,,,,,,,,,,X,,,,,,,,,,,,,,,,,X,,,,,X,,,,,,,,,,,,,,,,X,,,,,,,,,X,,,,,,,X,,,,,,,,,,,
956652,,,,,,,,,,,,,,,,,,,,,,,,,,,,,,,,,,,,,,,,,,,,,,,,,,,,,,,,,,,,,,,,,,,,,,,,,,,,,,,,,,,X,,,X,,,,,X,,,,,,X,,,,,,,,,,,,,,,,,,X,,,,,,,,,,,,,,,,,,,
3119622,,,,,,,,,,,,,,,,,,,,,,,,,,,,,,,,,,,,,,,X,,,,,,,,,,,,,,,,,,,,,,,,,,,,,,,,,,,,,,,,,,,,,,,,,,,,,,,,,,,,,,,,,,,,,,,,,,,,X,,,,,,,,X,,,,,,,,,,,
1800004,,,,,,,,,,,,,,,,,X,,,X,,,,X,,,,,,,,,,,,,X,,,,,,,,,,,,,,X,,,X,,,,,,,,,,,,,,,,,,,,,,,,,,,,,X,,,,,,,,,,,X,,,,,,,,,,,,,,,,,,,,,X,,,,,,,,X,,,,,,,,,,,
983225,,,,,,,,,,,,,,,,,,,,,,,,,,,,,,,X,,,,,,X,,,,,,,,,,,,,,,,,,,,,,,,,,,,,,,,,,,,,,,,,,,,,,,,,,,,,,,,,,,,,,,,,,,,,,,,,,,,,,,X,,,X,,,,,,,,,,,,,,,
2370214,,,,,,,,,,,,,,,,,,,,,X,,,X,,,,,,,,,,,,,,,,,,,X,,,,,,,,,,,,,,,,,,,,,,,,X,,,,,,,,,,,,,,,,X,X,,,,,,,,,,,,,,X,,,,,,,,,,,,,,,,,,,,,,,,,X,,,,,,,,X,,,
3197777,,,X,,,,,,,,,,,,,,,,,,X,,X,X,,,,,,X,,,,,,X,,,,X,,,,,,,,,,,,X,,,,,,,X,,,,,,X,,,,,,,,,,,,,X,,,,,X,X,,,,,,,,,,,,X,,X,,,,,,,X,,,X,,,,X,,,,X,,,,,X,,,,,,,X,,,,,,
1196528,,X,,,,,,,,,,,,,,X,,,,,,,,,,,,,,,,,,,,,,,,,,,X,,,,,,,,,,,,,,,,,,,,,,,X,,,,,,X,,,,,,X,,,,,X,,,,,,,,,,,,,,,,,,,,,,,,,,,,,,,,,,,,,,,,,,,,,,,,,,,
3285294,,,,,,,,,,,,,X,X,,,,,X,,X,,X,X,,,,,,,X,,,,,,X,,,,,,,,,,,,,X,,,,,,,,,X,,,,,,,X,,,,,,,,,,,,X,,,,,X,,,,,X,X,,X,,,,,X,,,,,,,,,,,X,,,X,,,,,,,,,,,,,X,,,X,,,,,,,,
2549155,,,,,,,,,,,,,,,,,,,,,,,,,,X,,,,,,,,,,,,,,,,,,,,,,,,,,,,,,,,,,,,,,,,,,,,,,,,,X,,,,,,,,,X,,,,,,,,X,,,,,,,,,,,,,,,,,,,,,,,,,,,,,,,,,,,,,,,,,,
241334,,,,,,,,,,,,,,,,,,,,,,,,X,,,,,,,,,,,,,,,,,,,,,,,,,,,,,,,,,,,,,,,,,,,,,,,,,,,,,,,,,,,,,,,,,,,,,,,,,,,,,,,,,,,,,,,,,,,X,,,,,,,,,,,,,,,,,,,
78292,,,,,,,,,,,,,,,,,,,,,,,,,,,,,,,X,,,,,,,,,,,,,,,,,,,,,,,,,,,,,,,,,X,,,X,,,,,,,,,,,,,,,,,,,,,,,,,,,,,,,,,,,,,,,,,,,,,,,,,,,,,,,,X,,,,,,,,,,,
2130718,,,,,,,,,,,,,,,,,X,,,,,,,X,,,,,,,,,,,,,,,,,,,,,,,,,,,,,,,,,,,,,,,,,,,,,,,,,,,,,,,,,,,,,,,,,,,,,,,,,,,,,,,,,,,,,,,,,,,,,,,,,,,,,,,,,,,,,,
1995184,,,,,,,,,,,,,,,,,,,,,X,,X,,,,,,,,,,,,,,,,,,,,,,,,,,,,,,,,,,,,,,,,,,,,,,,,,,,,,,,,,,,,X,,,,,,,,,X,,,,,,X,,,,,,,,X,,,,,,X,,,,,X,,,,X,,X,,,,,,,,,,,
184848,,,,,,,,,,,,,,,,,,,,,,,,X,,,,,,,,,,,,,,,,,,,,,,,,,,,,,,,,,,,,,,,,,,,,,,,,,,,,,,,,,,,X,,,,,,,,,,,,,,,,,,,,,,,,,,,,,,,,,X,,,,,,,X,,,,,,,,,,,
1473598,,,,,,,,,,,,,,,,,,,,,,,,X,,,,,,,,,,,,,,,,,,,,,,,,,,,,,,,,,,,,,,,,,,,,,,,,,,,,,,,,,,,,,,,,,,,X,,,,,,,,,,,,,,,,,,,,,,,,,,,,,X,,,X,,,,,,,,,,,
2275756,,,,,,,,,,,,,,,,,,,,,,,,,,,,,,,X,,,,,,,,,,,,,,,,,,,,,,,,,,,,,,,,,,,,,,,,,,,,,,,,,,,,X,,,,,X,,,,,,,,X,,,,,,,,,,,,,,,,,,,,,,,,,,,,,,,,,,,,,,
2186962,,,,,,,,,,,,,,,,,,,,,,,,,,,,,,,,,,,,,,,,,,,,,,,,,,,,,,,,,,,,,,,,,,,,,,,,,,,,,X,,,,,,,,,,,,,,,,,,,,,,,,,,,,,,,,,,,,,,X,,,,,,,,,,,,,,,,,,,
2331128,,,,,,,,,,,,,,,,,X,,,,,,,X,,,,,X,,X,,,,,,,,,,,,,,X,,,,,,,,,,,,,,,,,,,X,,,X,,X,,,,,,,,X,,,,X,,X,X,,,,,,,,,,X,,,,,,,,,,,,,X,,,,,,,,,,X,,,X,X,,X,,,,,,,,X,,,
2633274,,,,,,,,,,,,,,,,,,,,,,,,X,,,,,,,,,,,,,,X,,,,,,,,,,,,,,,,,,,,,,,,,,,,,,,,,,,,,,,X,,,,,,X,,,,,,X,,,,,X,,,,X,,X,,,,,,,,,X,,,,,,,X,,,,X,,,X,,,,,,,,,,,
223018,,,,,,,,,,,,,,,,,,,,,,,,X,,,,,,,X,,,,,,,X,,,,,,,,,X,,,,,,,X,,,,,,,,,,,,,,,X,,,,,,,,,,,,,,X,X,,X,,X,,,,,,,,,,,,,,,,,,,,,,,,,,,,,,,,X,,,X,,,,,,,,,,,
589458,,,,X,,,,,X,,,X,,,,,,,,,,,,X,,,,,,,,,,,,,X,,,,,,,,,,,,,,X,,,,,,,,,,,,,,,,,,,,,,,,,,X,,,,,,,X,,,,,,,,X,,,,,,,,,,,,,,,,X,,,,,,,,X,,,,,,,,,,,,,,,,,,
889537,,,,,,,,X,,,,,X,,,,,,,,,,,X,,,,,,,,,,,,X,,,,,,,,,,,,,,,,,,,,,,,,,,,,,,,,,,,,,,,,,,,,,,,X,,,,,,,,,,,,,,,,,,,,,,,,,,,,,,,,,,,,,,,,X,,,,,,,,,,,
1392788,,,,,,,,,,,,,,,,X,,,,,,,,X,,,,,X,,,,,,,,,,,,,,,,,,,,,,,,,,,,X,,,,,,,,,,,,,,,,,,,,,,,,X,,X,,,,,,,,X,,,,,,,,,,,,,,,,,,,,,X,,,,,,,,,X,,X,,,,,,,,X,,,
934862,,,,,,,,,,,,,X,,,,,,,,,,,X,,,,,,,,,,,,,,,,,,,,,,,,,,,,,,,,,,,,,,,,,,,,,,,,,,,,,,,,,,,X,,,,,X,,,,,,,,,,,,,,,,,,,,,,,,,,,,,,,,,,,X,,,,,,,,,,,
2438954,,,,,,,,,,,,,,,,,,,,,,,,,,,,,,,,,,,X,,,X,,,,,,,,,,,,,,,,,,,,,,,,,,,,,,,,,,,,,,,,,,,,,X,,,,,,,,,,,,,,,,,,,,,,,,,,,,,,,,X,X,,,,,,,X,,,,,,,,,,,
118368,,,,,,,,,,,,,,,,,,,,,,,,,,,,,,,X,,,,,,,,,,,,,,,,,,,,,X,,,,,,,,,X,,,,,,,,,,,,,,,,,,,,,,,,,,,,,,,,,,,,,,,,,,,,,,,,,,,,,,,,,,,,,,,,,,,,,,,,,
469775,,,,,,,,,,,,,,,,,,,,,,,,X,,,,,,,,,,,,,,,,,,,,,,,,,,X,,,,,,,,,,,,,,,,,,,,,,,,,,,,,,,,,,,,,,,,,,,,,,,,,,,,,,,,,,,,,,,,,,,,,,,,,,,,,,,,,,,,
298211,,,,,,,,,,,,X,,,,,,,,,,,,,,,,,,,,X,,,,X,X,,,,,,,,,,,,,,,,,,,,,,,X,,,,,,,,,,,,,,,,,,,,,,,X,,,,,,,,,,,,,,,,,,,,,,,,,,,,,,,,,,,,,,,,,,,,,,,,,,,
1846675,,,,,,,,,,,,,,,,,,,,,,,,,,,,,,,,,,,,,,X,,,,,,,,,X,,,,,,,,,,,,,,,,,,,,,,,,,X,,,X,,,,,,,,,X,,,,,,,,,,,,,,,,,,,,X,,,,,,,,,,,,,X,,,X,X,,,,,,,,,,,,,
164848,,,,,,,,,,,,,,,,,,,X,,X,,,X,,,,,,,,,,,,,,,,,,,X,X,,,,X,,,,X,,X,,,,,,,,,,X,,,,,,,,,,,,,,,,,,,X,,,,,,,,X,X,,,,,,,,,,,,,,X,,,,,,X,,,,,X,,,X,,,X,,,,X,X,,X,X,,,
492979,,,,,,,,,,,,,,,,,,,,,X,,,X,,,,,,,,,,,,,,,,,,,,,,,X,,,,,,X,,,,,,,,,,,,,,,,,,,,,,,,,,,,,,,X,,,,,,,,,,,,,,,,,,,,,,,,,,,,,,,,,,,,,,,,,,,,,,,,,,
698937,,,,,,,,,,,,,,,,,,,,,,,,X,,,,,,,,,,,,,,,,,,,,,,,,,,,,,,,,,,,,,,,,,,,,,,,,,,,,,,,,,,,,,,,,,,,,,,,,,,,,,,,,,,,,,,,,,,,,,,,,,,,X,,,,,,,,,,,
566571,,,X,,,,,,,,,,,,,,,,,,,,,X,,,,,,,X,,,,,,,X,,,,,,,,,,,,,,,,,,,,,,,,,,,,,,,,,,,,,,,,,X,,,,,,,,,X,,,,,,X,,,,X,,,,,,,,,,,,,,,,,,X,,,,X,,,X,,,,,X,,,,,,
309543,,,,X,,,,,,,,,,,,,,,,,X,,,X,,,,,,,,,,,,,,,,,,,,,,,,,,,,,,,,,,,,,,,,,,,,,,,,,,,,,,,,,,,X,,,X,,,,,,,,,,,,,,,,,,,,X,,,,,,,,,,X,,,,,,,,,,,,,,,,,,
2707154,,,,,,,,,,,,,,,,,,,,,,,,,,X,,,,,,,,,,,,X,,,,,,,,,,,,,,,,,,,,,,,,,,,,,,,,,,,,,,,X,,,,,,,,,,,,,,,,,,,,,,,,,,,,,,,,,,,,,,,,,,,,,,,,,,,,,,,,,
1294852,,,,,,,,,,,,,,,,,,,,,,,,,,,,,,,,,,,,,,,,,,,,,,,,,,,,,,,,,,,,,,,,,,,,,,,,,,,,,,,,,,,X,,,,,,,,,,,,,,,,,,,,,,,,,,,,,,,,,,,,,,,,X,,,,,,,,,,,
2282010,,,,,,,,,,,,,,,,,,,,,,,,,,,X,,,,,,,,,,,,,,,,,,,,,,,,,,,X,,,,,,,,,,,,,X,,,,,,,,X,,X,,,,,,,,,X,,,,,,,,,,,,,,,,,,,,,,,,,,,,,,,,,,,,,,,,,,X,,,,,,X
365930,,,,,,,,,,,,,,,,X,X,,,,,,,X,,,,,,,,,,,X,,X,,,,,,,,,,,,,,,,,,,,,,,,,,,,,,,,,,,,,,,,,,,,,,X,,,,,,,,X,,,,,,,X,,,,,,,,,,,,,,X,,,,,,,,,,,X,,,,,,,,,,,
1342427,,,,,,,,,,,,,,,,,,,,,,,,,,,,,,,,,,,,,,,,,,,,,,,,,,,,,,,,,,,,,,,,,,,,,,,,,,,,,,,,,,,X,,,,,,,,,,,,,,,X,,,,,,,,,,,,,,,,,,,,,,,,,,,,,,,,,,,,
905030,,,,,,,,,,,,,,,,,,,,,X,,,X,,,,,,,,,,,,,,X,,,,,,,,,,,,,,,,,,,,,,,,,,,,,,,,,,,,,,,,,,,,,,,X,,,,,,,,X,,,,,,,,,,,,,X,,,,,,,,,,,,,,,,,,,,,,,,,,,,
2738842,,,,,,,,,,,,,,X,,,,,,,,,,X,,,,,,,,,,,,,,,,,,,,,,,,,,,,,,,,,,,,,,,,,,,,,,,,,,,,,,,,,,,X,X,,,,,,,,,,,,,,,,,,,,,,,,,,,,,,,,,,,,,,,X,,,,,,X,,,,,
1473526,,,,,,,,,,,,,,,,,,,,,X,,,X,,,,,,X,,,,,X,,,,,,,,,,,,,,X,,,,,,,,,,X,,,,,,,,X,,,,,X,,,,,,,,,,,X,X,,,,,,,,,,,,,,,,,,,,,,,,,,,,,,,,,,,,X,X,,,,,,,,,,,,,
1694256,,,,,,,,,,,,,,,,,,,,,,,,,,,,,,,,,,,,,,,,,,,,,,,,,,,,,,,,,,,,,,,,,,,,,,,,,,,,,,,,,,,,,,,,,,,,,,,,,,,,,,,,,,,,,,,,,,,X,,,X,,,,,,,,,,,,,,,,
2696026,X,,,,,,,,,,,,,,,X,,,,,X,,,X,,,,,,,,,,,,,,,,,,,,,,,,,X,,,,,,,,,,,,,,,,,,,,,,,X,,,,,,,,,,,X,X,,X,,,,,,,,,,,,,,,,,,,,,,,,,,,,,X,X,,,,X,,,,,,,,,,,,,,
2569061,,,,,,,,,,,,,,X,,,,,,,,,,X,,,,,,,,,,,,,,,,,,,,,,,,,,,,,,,,,,,,,,,,,,,,,,,,,,,,,,,,,,,X,X,,,,,,,,,,,,,,,,,,,,,,,,,,,,,,,,,,,,,,,,,,,,,,,,,,
309578,,,,,,,,,,,,,,,,,,,,,,,,X,,,,,,,,,,,,,,,,,,,,,,,,,,,,,,,,,,,,,,,,,,,,,X,,,,,,X,,,,,,,,X,X,,,,,,,X,,,,,,,,,,,,,,,,,,,,,,,,X,,,,,X,,,X,,,,,,,,,,,
1992601,,,,,,,,,,,,,,,,,,,,,,,,,,,,,,,,,,,,,X,,,,,,,,,,,,,,,,,,,,,,,,,,,,,,,,,,,,,,,,X,,,,,,X,,,,,,,,,,,,,,,,,,,,,,,,,,,,,,,,,,,,,,,,,,,,,,,,X,,,
899764,,,,,,X,,,,,,,,,,,,,,,,,,,,,X,,,,,,,,,,,,,,,,,,,,,,,,,,,,,,,,,,,X,,,,,,,,,,,,,,,,,,X,,,,,,,,,,,X,,,,,,,,,,,,,,,,,,,,,,,X,,,,,,,,,,,,,,,,,,,,
1351818,,,,,,,,,,,,,,,,X,,,,,,,,X,,,,,,,,,,,,,,,,,,,,,,,,,,,,,,,,,,,,,,,,,,,,,,,,,,,,,,,,,,,X,,,,,X,,,X,,,,,,,,,,,,,,,,,,,,,,,,,,,,,X,,,,,,,,,,,,,,
1322004,,,,,,,,X,,,,,,,,,,,,,,,,X,,,,,,,,,,,,,,,,,,,,,,,,,,,,,,,,,,,,,,,,,,,,,,,,,,,,,,,,,,,X,,,,,,,,,,,,,,,,,,,,,,,,,,,,,,,,,,,,,X,,,,,,,,,,,,,,
2032076,X,,X,,,,,,,,,,,,,,,,,,,,,,,,,,,X,,,,,,,,,,,,,,,,,,,X,,,,,,,,,,X,,,,,,,,,,,,,,,,,,,,,,X,,X,,,,,,,,X,,,,,,,,,,,,,,,X,,,,,,,,,,,X,,,,,,X,,,,,,,,,,,
269699,,,,X,,,,,,,,X,,,,,,,,,,,,,,,,,,,,,,,,,X,,,,,,,,,,,,,,X,X,,,,,,X,,,,,,,,X,,,,,,,,,,,,,,,,,X,,,,,X,,,X,,,X,,,,X,,X,,,,,,,,,,,,,,,X,,,,,X,,,,,,,,,X,,,,,
1786660,,,,,,,,,,,,,,,,,,,,,,,,,,,,,,,,,,,,,,,,,,,,,,,,,,,,,,,,,,,,,,,,,,,,,,,,,,,,,,,,,,,X,,,,,,,,,,,,,,,,,,,,,,,,,,,,,,,,,,,,,,,,,,,,,,,,,,,
3253631,,,X,,,,,,,,,,,,,,,,,,,,,X,,,,,,,,,,,,,,,,,,,,,,,,,,,,,,,,,,,,,,,,,,,,,,,,,,,,,,,,,,,X,,,X,,,,,,,,,,,,,,,,,,,,,,,,,,,,,,,,,,X,,,X,,,,,,,,,,,
3155229,,,,,,,,,,,,,,,,,,,,,,,,,,,,,,,,,,,,,,,,,,,,,,,,,,,,,,,,,,,,,,,,,,,,,,,,,,,,,,,,,,,X,,,,,,,,,,,,,,,,,,,,,,,,,,,,,,,,X,,,,,,,,,,,,,,,,,,,
332153,,,X,,,,,,,,,,,,,X,,,,,,,,,,,,,,,,,,,,X,X,,,,,,,,,,,,,X,,,,,,,,,X,,,,,,,,,,,,,,,,,,,,,,,,,X,,,,,,,,,,,,,,,,,,,,,,,,X,,,,,,,,,,,,X,,,X,,,,,X,X,X,,,,
3015912,,,,,,,,,,,,,,,,,,,,,X,,,X,,X,,,,,,,,,,,,,,,,,,,,,,,,,,,,,,,,,,,,,,,,,,,,,,,,,,,,,,,,,,X,,,,X,,,,,,,,X,,,,,,,,,,,X,,,,,X,,,,,,,,,,,,,,,,,,,,,,
2125888,,,,,,,,,,,,,,,,,,,,,X,,,X,,,,,X,,X,,,,,,,,,,,,,,,,,,,,,,,,,,,,,,,,,,,,,,,,,,,,,,,,,,,,X,X,,,,X,,,,,X,,,,,,,,,,,,,,,X,,,,,,,,,X,,,X,,,,,,,,,,,,,,
1673616,,,,,,,,,,,,,,,,,,,,,,,,X,,,,,,,,,,,,,,,,,,,,,,,,,,,,,,,,,,,,,,,,,,,,,,,,,,,,,,,,,,,X,X,,,,,,,,,,,,,,,,,,,,,,,,,,,,,,,,,,,,,,,,,,,,,,,,,,
2658863,,,,X,,,,,X,,,,,X,,,,,X,,X,,X,,,,,,,,X,,,,,,X,X,,,,,,,,,,,,X,,,,,,,,,,,,,,,,,,,,,,,,X,,,,X,,,,,X,,,,,,,,X,,,X,,,,,,,,,,,,,X,,,,,,,,,,,,,X,X,,X,,,,,,X,,X,,,
2452730,,X,,,,,,,,,,,,,,,,,,,,,,,,X,,,,,,,,,,X,,,,,,,,,,,,,,,,,,,,,,,,,,,,,,,,,,,,,,,,,,,,,,,,,,X,,,,,,,,,,,,,X,,,,,,,X,,,,,,,,,,,,,,,,,,,,,,,,,,,,
919455,,,,,,,,,,,,,,,,,,,,,,,,X,,,,,,,,,,,,,,,,,,,,,,,,,,,,,,,,,,,,,,,,,,,,,,,,,,,,,,,,,,,,,,,,,,,,,,,,,,,,,,,,,,,,,,,,X,,,,,,,,,,,,,,,,,,,,,,
3101088,,,,,,,,,X,,,,,,,X,,X,,,X,,,,,,,,,,X,,,,,,X,,,,,,,,,,,,,,,X,,,,,,,,,,,,,,,,,X,,,,,,,,,X,,,,,,X,,,,,,,,,,,,,,X,,,,,,,,,,,,,,X,,,,,,,,,,,,,,,,,,X,,,,
2169755,,,,,,,,,,,,,,,,,,,,,,,,,,,,,,,,,,,,,,,,,,,,,,,,,,,,,,X,,,,,,,,,,,,,,,,,,,,,,,,,,,,,,,,,,,,,,,,,,,,,,,,,,,,,,,,,X,,,,,,,,,,,,,,,,,,,,,,,
1144293,,,,,,,,,,,,,,,,,X,,,,X,,X,,,X,,,,,,,,,,X,X,X,,,,,,,,,,,,X,,,,,,,,,,,,,,,,,,,X,,,X,,,,,,X,,,,,X,,,,,,,,,,X,X,,,,,,X,,,,X,,,X,X,,,,,X,,,,,,,,,,X,,,,,,,,,,,
1134221,,,,,,,,,,,,,,,,,,,,,,,X,,,,,,,,,,,,,,,X,,,,,,,,,,,,,,,,,,,,,,,,,,,,,,,,,,,,,,,,,,,,,,,,,,,,,,,,,,,,,,,,,,,,,,,,,,,,,,,,,,X,,,X,,,,,,,,,,,
1850126,,,X,,,,,,,,,X,X,,,,,,,,,,,X,,,,,,,,,,,,,,,,,,,,,,,,,,,,,,,,,,,,,,,,,,,,,,,,,,,,,,,,,,,X,,,X,,,,,X,,,,,X,,,,,,,,X,,,,,,,,,,,,,,,,,,,X,,,,,,,,,,,
1633686,,,,,,,,,,,,,,,,,,,,,X,,,,,X,,,,,,,,,,,,,,,,,,,X,,,,,,,,,,,,,,,,,,,,,,,,,,,,,,,,,,,,,,X,,,,,,,,,,,,,X,,,,,,,,,,,X,,,,,,,,X,,X,,,,,,,,,,,,,,,,,
445151,,,X,,,,,,,,,,,X,,,,,,,X,,,X,,,,,,,,,,,,,,,,,,,,,,,,,,,,,,X,,,,,,,,,,,,X,,,,,,,,,,,,X,,,,,X,X,,,,,,,,X,,,,X,,,,,,,,,,X,,X,,,,,,,,X,X,,,X,X,,,,,,,,X,X,,,,
24365,,,,,,,,,,,,,,,,X,,,,,X,,,X,,,,,,,,,,,,X,,,,,,,,,,,,,,,,,X,,,,,,,,,,X,,,,X,,,,,,,,,,,,,,,,X,,,,,,,,,,,,,X,,,,,,,,,,,,X,,,,X,,,,,,,,,,X,,,,,,X,,X,,,,
1921977,,,,,,,,,,,,,,,,,,,,,,,,,,,,,,,,,,,,,,,,,,,,,,,,,,,,,,,,,,,,,,,,,,,,,,,,,,,,,,,,,,,,,,,,,,,X,,,,,,,,,,,,,,,,,,,,,,,,X,,,,,X,,,,,,,,,,,,,,
1283745,,X,,,,,,,,,,,,,,,,,X,,,,,X,,X,,,,,,,,,,,,,,,,,X,,,,,,,,,,,,,,,,,,,,,,,,,,,,,X,,,,,,,,,,,,,,X,,,,,X,,,,,,X,,,,,,,,X,,,X,,X,,,,X,X,,,,,,,,,,,,,,,,,,,
617356,,,,,,,,,,,,,,,,,,,,,X,,,,,,,,,,,,,,,,,,,,,,,,,,,,,,X,X,,,,,,,X,,,,,,,,,,,,,,,,,,,,X,,X,,X,,,,,,,,,,,,,,,,,,,,,,,X,X,,,,,,,,,,,,,,,X,,,,,,,,,,,,
2076160,,,,,,,,,,,,,,,,,,,,,,,,X,,,,,,,,,,,,,,X,,,,,,,,,,,,,,,,,,,,,,,,,,,,,,,,,,,,,,,,,,,,,,X,,X,,,,,,,,,,,,,,,,,,,,,,,,,,,,,,,,,,X,,,X,,,,,,,,,,,
1447745,,,,,,,,,,,,,,,,,,,,,,,,,,,,,,,,,,,,,,,,,,,,,,,,,,,,,,,,,,,,,,,,,,,,,,,,,,,,,,,,,,,,,,,,,,,,,,,,,,X,,,,,,,,,,,,,,,,,X,,,,,,,,,,,,,,,,,,,
1556230,,,,,,,,,,,,,,,,,,,,,,,X,,,,,,,,,,,,,X,,,,,,,,,,,,,X,,,,,,,,,,,,,,,,,,,,,,,X,,,,,,,,,,,X,,,,,,,,,,,,,,,,,,,,,,,,,,,,,,,,,,,,,,,,,,,,,,,,,,,
365807,,,,,,,,,,,,,,,,,,,,,,,,,,,,,,,,,,,,,,,,,,,,,,,,,,,,,,,,,,,X,,,,,,,,,,,,,X,,,,,,X,,,,,X,,,,,,,,,,,,,,,,,,,,,,,,,X,,,,,,,,,,,,,,,X,,,,,,,,X,,,
2609541,,,,,,,,,,,,,,,,,,,,,X,,,X,,,,,,,X,,,,,,,,,,,,,,,,,,,,,,,,,,,,,,,,,,,,,,,,,,,,,,,X,,,,,,,,X,,,,,,,,,,,,,,,,,,,,,,,,,,X,,,,,,,,,,,,,,,,,,,,,,
2260294,,,,,,,,,,,,,,,,,,,,,,,X,X,,,,,,,X,,,,,,,,,,,,,,,,,,,,,X,,,,,,,,,,,,,,,,,,,,,,,,,,,,,,,X,,,,,,,,,,,,,,,,,,,,,,,,,,,,,,,,X,,,,,,,,X,,,,,,,,X,,,
2426429,,,,,,,,,,,,,X,,,,,,,,,,,X,,X,,,X,,,,,,,,,X,,,,,,,X,,,,,,,,,,,,,,,,,,,,,,,,,,,,,,,,,X,,,,,,,,,,,X,,,,X,,,X,,,,,,,,,,,X,,,,,X,,,,,,,,,,,X,,,,,,,,,,,
75439,,,,,,,,,,,,,,,,,,,,,,,,,,,,,,,,,,,,,,X,,,,,,,,,,,,X,,,,,,,,,,,X,,,,,,,,,,,,,,,,X,X,,,,,,,,,,,,,,,,,,,,,,,,,,,,,X,,,,,,,,X,,X,,X,,,,,,,,,,,,,,,
628947,X,,,,X,,,,,,,,,,,,,,,,X,,,,,,,,,,,,,,,,X,,,,,,X,,,,,,X,,,X,,,,,,,X,,,,,,,,,,,,X,,,,,,,X,,,,,X,,,,,,,,,,,,,,,,,,,,,,,,,,,,,,,,,X,,,,,,,X,,,,,X,,,X,,,
3121412,,,,,,,,,,,,,,,,,,,,,,,,,,,,,,,,,,,,,,,,,,,,,,,,,,,,,,,,,,,,,,,,,,,,,,,,,,,,,X,,,,,,,,,,,,,,,,,,,,,,,,,,,,,,,,,,,,,,,,,,,,,,,,,,,,,,,,,
704303,,,,,,,,,,,,,,,,,,,,,X,,,X,,,,,,,,,,,,X,,,,,,,,,,,,,,,,,,X,,,,,X,,,,,,,,,,,,,,,X,,,,,,,,,X,,,,,,,,X,,X,,,X,,,,,,,,,,,X,,,,,,,X,X,,,,,,,,X,,,,,,,,,,,
1095725,,X,,,,,,,,,,,,,,,,,,,X,,,X,,,,,,,,X,,,X,,,,,,,,X,,,,,,,,,,,,,,,,,,,,,X,,,,,,,,,,,,,X,,,,,,X,,,X,,,,,,,,,X,,,,,,,,,,,,,,,,,,,,,,,,,,,,X,,,,,,,,,,,
852824,,,,X,,,,,X,,,,,,,,,,,,,,,X,,,,,X,,,,,,X,,,,,,,,,,,,,,,,,,,,,,,,,,X,,,,,,,,,,,,,,,,,,,,,,,X,,,,X,,,,,X,,,,,,,,,,,,,,,,,,,X,,,,,,,,,,,X,,,,,,,X,X,,,
3380494,,,,,,,,,,,,,,,,,,,,,,,,,,,,,,,,,,,,,,,,,,,,,,,,,,,,,,,,,,,,,,,,,,,,,,,,,,,,,,,,,,,,,,,,,,,,X,,,,,,,,,,,,,,,,,,,,,,,,,,,,,,,,,,,,,,,,,,
2340349,,,,,,,,,,,,,,,,X,,,,,,,,X,,,,,,,,X,,,,,,,,,,,,,,,,,,,,,,X,,,,,,,,,,,,,,,,,,,,,,,,,,,,,,,,,,,,,X,,,,,,,,,,,,,,,,,,,,,,,,X,,,,,,,,X,,,,,,,,,,,
873927,,,,,,,,,,,,X,,,,,,,,,,,,,,,,,,,,,,,,,,,,,,,,,,,,,,,,,,,,,,,,,,,,,,,,,,,,,,,,,,,,,,,,,,,,,,,,,,,,,,,,,,,,,,,,,,,,,,,,,,,,,,,,,,,,,,,,,,
1604911,,,,,,,,,,,,,,,,,,,,,,,,,,,,,,,X,,,,,,,X,,,,,,,,,,,,,,,,X,,,,,,,,,,,,,,,,,,,,,,,,,,,,,,,,,,,,,,,,,,,,,,,,,,,,,,,,,,,,,,,,,,,X,,X,,,,,,,X,,,,
2958975,,,,,,,,,,,,,,,,,,,,,X,,,X,,,,,,,,,,,,,,,,,,,,,,,,,,,,,,,,,,,,,,,,,,,,,,,,,,,,,,X,,,X,,X,X,,,,,,,,,,,,X,,,,,,,,,,,,X,,,,X,,,,,X,,,X,X,,X,,,,,X,,,,,,
3162003,,,,,,,,,,,,,,,,,,,,,,,,X,,,,,,,,,,,,,,,,,,,,,,,,,,X,,,,,,,,,,,,,,,,,,,,,,,,,,,,,,,,,X,,,,,,,,,,,,,,,,,,,,,,,X,,,,,,,,X,,,,,,,,X,X,,,,,,,,,,,
836768,,,,,,,,,,,,,,,,,,,,,,,,X,,,,,,,,,,,X,,,,,,,,,,X,,,,,,X,,,,,,,,,,,,,,,,,,,,,X,,X,,,,X,,,,,X,,,,,,X,,,,,,X,,,,,,,,,X,,,X,,,X,,,,,,,,,,,,,,,,,,X,,X,,,,
10446,,,,,,,,,,,,,,,,,,,,,,,,,,,,,,,,,,,,,,,,,,,,,,,,,,,,,,,,,,,,X,,,X,,,,,,,,,,,,,,,,,,,,,,X,,,,,,,,,,,,,,,,,,,,,,,,,,,,,X,,,,,,,,,,,,,,,,,,,,
2706538,,,,,,,,,,,,,,,,,,,,,,,,,,,,,,,,,,,,,,,,,,,,,,,,,,X,,,X,,,,,,,,,,,,,,,,,,,,,,,,X,,,,,,,,,,,,,,,,,,,,,,,,,,,,,,,,,,,X,,,X,X,,,,,,,,,,,,,,,,,,
733419,,,,,,,,,,,,,,,,,,,,,,,,,,X,,,,,,,,,,,,,,,,,X,,,,X,,X,,,,,,,,,,,,,,,,,,,,,,,,,,,,,,,,,,,,,,,,,,X,,,,,,,,,,,,,,,,,,,,,X,,,,X,,,,,,,,,,,,,,,,,,
2277868,,,,,,,,,,,,,,,,,,,,,,,,,,,,,,,,,,,,,,,,,,,,,,,,,,,,X,,,,,,,,,,,,X,,,,,,,,,,,,,,,,,,,,,,,,,,,,,X,,,,,X,,,,,,,,,,,,,,,,,,,,,,,,,,,,,,,,,,,,
3174756,,,,X,,,,,X,,,,X,,,,,X,X,,X,,,X,,,,,,,,,,,,,,,,,,,,,,,,,,,,,,,,,,,,,,,,,,,,,,,,,,,,,,X,,,,,X,X,,X,,,,,,,,,,,X,,,,,,,,,,X,X,,,,,,,,,,,X,X,,,X,,,,,,X,,,,,
3366169,,,,,,,,,,,,,,,,,,,,,X,,,,,,,,,,,,,,,,X,,,,,,,,X,,,,,,,,,,,,,,,,,,,,,,,,,,,,,,,,,X,,,,,X,,,,,,,,,,,,,,,,,,,,,,,,,,,,,,,,,,,,,,,,,,,,,,,,,,,
484463,,,,,,,,,,,,,,,,,X,,,,,,,,,,,,,,,,,,,,,,,,,,,,,,,,,,,,,,,,,,,,,,,,,,,,,,,,,,,,X,,,,,,,,,,X,,,,,,,,,,X,,,,,,,,,,,X,,,,,,,,,,,,,,,,,,,,,,,,,,
2368175,,,,,,,,,,,,,,,,,,,,,,,,,,,,,,,,,,,,,,,,,,,,,,,,,,,,,,,,,,,,,,,,,,,,,,,,,,,,,,,,,,,,,,,,,,,,,,X,,,,,,,,,,,,,X,,,,,X,,,,,,,,X,,,X,,,,,,,,,,,
145016,,,,,,,,,,,,,,,,,,,X,,,,,X,,,,,,,,X,,,,,,,,,,,,,,,,,,,,,,,,,,,,,,,,,,,,,,,,,,,,,,,,,,,,,,,,,,,,,,,,,,,,,,,,,,,,,,,,,,,,X,,,,,,,,,,,,,,,,,,
1804633,,,,,,,,,,,,,,,,,,,,,X,,,X,,,,,,,,,,,,,,,,,,,,,,,,,,,,,,,,,,,,,X,,,,,,,,,,,,,,,,,,,,,,,,,,,,,,,,,,,,,,,,,,,,,X,,,,,,,,,,,,,,,,,X,,,,,,,,,,,
2072131,,,,,,,,,,,,,,,,,,,,,,,,X,,X,,,,,X,,,,,,,,,,,,,,,,,X,,,,,X,,,,,,,,,,,X,,,,,,,,,,,,,,,,,,,,,,,,,,,,,,,,,,,,,,,,,,,,,,,,,,,X,,,,,X,,,X,,,,,,,X,,,,
998676,,,,,,,,,,,,,,,,,,,,,,,,,,,,,,,X,,,,,,,,,,,,,,,,,,,,,,,,,,,,,,,,,,,,,,,,,,,,,,,,,,,,,,,,,,,,,,,,,,,,,,,,,,,,,,,,,,,,,,,,,,,,,,,,,,,,,,,
1213816,,,,,,,,,,,,,,,,,,,,,,,,,,X,,,,,,,,,,,X,,,,,,,,X,,,,X,,,,,,,,,,,,,,,,,,,,X,,,,,,,,,,,,,,,,,,,,,,,,,,,,,,,,,,,,X,,X,,,,,X,,,,,,,,,,,,,,,,,,,,,,
1664463,,,,,,,,,,,,,,,,,,,,,X,,,,,,,,,,,,,,,,X,,,,,,,,,,,,,,X,,,,,,,,,,,,,,,,,,,,,X,,,,,,,,,,,,X,,,,,,,,,,,,,,,,,,,,,,,X,X,,,,,,,X,,,,,X,X,,X,,,,,,,,,,,
1378343,,,,,,,,,,,,,,,,,,,,,,,,,,,,,,,,,,,,,,,,,,,,,,,,,,,,,,X,,,,,,,,,,,,,,,,,,,,,X,,,,,,,,,,,,,,,,,,X,,,,,,,,,,,,,,,,,,,,,,,,,,,,,,X,,,,,,,,,,,
2942789,,,,X,,,,,,,,,,,,X,,,,,,,,,,,,,,,,,,,,,,,,,,,,,,,,,,,,,,,,,,,,,,,,,,,,,,,,,,,,,,,,,,,X,,,,,,,,,,,,,,,X,,,,,,,,,,,,,,,,,,,,,,,,,,,,,,,,,,,,
2101832,,,X,,,,,,,,,,,,X,,,,X,,,,,X,,,,,,,,,,,X,,,,,,,,,,,,,,,,,,,,,,,,,,,,X,,,,,,,,,,,,,,,,,,,,,,,X,,,,,,,,,,,,,,,,,,,,,,,,,,,,,X,,,,,X,,,X,,,,,,,,,,,
3300235,,,,,,,,,,,,,,,,,,,,,,,,,,,,,,,,,,,,,,,,,,,,,,,,,,,,,,X,,,,,,,,,,,,,,,,,,,X,,,,,,,,,,,,,,,,,,,,,,,,,X,,,,,,,,,,,,,,,,,,,,,,,,,,,,,,,,,,,,
1066574,,,,,,,,X,,,,,,,,,,,,,,,,X,,,,,,,,,,,,X,,,,,,,,,,,,,,,,,,,,,,,,,,,,,,,,,,,,,,,,X,,,,,,,X,X,,,,,,,,,,,,,,,,X,,,,,,,,,,,,,,X,,,,,,,,,,,,,,,,,,,,
1796377,,,,,,,,,,,,,,,,,,,,,,,,,,,,,X,,,,,X,,,X,X,,,,,,,,,,,,,,X,,,,,,,,,,,,,,,,,,,,,,,,,,,X,,X,,,,,,,X,,,X,,,,,,,X,,,,,,,,X,,,,,,,,,X,,,,,X,,,,,,,,,,,,,,
3179247,,,,,,,,,,,,,,,,,,,,,,,,X,,,,,,,X,,,,,,,,,,,,,,,,,,,,,,,,,,,,,,,,,,,,,,,,,,,,,,,,X,,,,,X,,X,,,,,,,,,,X,,,,,,,,,,,,,,,,,,,X,X,,,,X,,,,,,,,,,,,,,
1361808,,,,,,,,,,,,,,,,,,,,,,,,,,,,,,,,X,,,,,,,,,,,,,,,,,,,,,,,,,,,,,X,,,,,,,,,,,,,,,,,,,,,,,,,,,,,,,,,,,,,,,,,,,,,,,,,,,,,,,,,,,,,,,,,,,,,,,,,
940022,X,,,,,,,,X,,,,X,,,,,,,,,,,X,,,,,,,,,,,,,,,,,,,,,,,,,,,,,X,,,,,,,,,,,,,,,,,,,X,,,,,,,,,X,,X,,,,,,,,,,,,,,,X,,,,,,,,,X,,,,,,,,,,,,,,,,X,,,,,,,,X,,,
2324510,,,,,,,,,,,,,,,,X,,,X,,,,,X,,,,,,,,X,,,,,,,,,,,,,,,,,,,,,,,,,,,X,,,,X,,,,,,,,,,,,,,,,,,,,X,,,,,,,,,,,,,,,,,,,,,,,,,,,X,,,,,,,,,,,,,X,,,,,,,,,,,
2954583,,,,,,,,,,,,,,,,,,,,,X,,,X,,,,,,,,,,,,,X,X,,,,,,,X,,,,,,,,,X,,,,,,X,,,,,,,,,,,,,,,X,,,,,,,,X,,,,,,,,,,,,,,,,,,,,,,,,,,,,,,,,,,,,,,,,X,,,,,,,,,,,
499728,X,,,X,,,,,,,,,,,,,,,,,,,,,,,,,,,,,,,,,X,X,,,,,,,X,,,,,,,,,,,,,,,,,,,,,,X,,,,,,,,,,,X,X,,,,,,,,,X,,,,,,,,,,,,,,,,,X,,X,,,,,,,,,,,,,,,,X,,,,,,,,,,,
2465597,,,,,,,,,,,,,X,X,,,,,,,X,,,X,,,,,,,,,,X,,,X,,,,,X,,,,,,,,,,,,,,,,,,,,,,,,,,,,,,,,,,,,,,,,,,,,,,,,,,,,,,,,,,X,,,,,,,,,,,,,,,,X,,,,,,,X,,,,,,,,,,,
2125869,,,,,,,,,,,,,,X,,X,,,,,,,,X,,,,,,,,,,,,,,,,,,,,,,,,,,,,,,,,,,,,,,,,,,,X,,,,,,,,,,,,,,,,,,,,,,,,,,,,,,,,,,,,,,,,X,,,,,,,,,,,,,,,,,,,,,X,,,,,,
2250348,,,,,,,,,,,,,,,,,,,,,,,,X,,X,,,,,,,,,,,,X,,,,,,,,,,,,,,,,X,,,,,,,,,,,,,,,,,,,,,,,,,,,X,,X,,,X,,,,,,,X,,,X,,,,X,,,,,,,,,,,,,,,X,,X,,,X,,,X,,,,,,,,,,,
29646,,,,,,,,,,,,,,,,,,,X,,,,X,X,,,,,,,,,,,,,,,,,,,,,,,,,,,,,,,,,,,,,,,,,,,,,,,,,,,,,,,,,,,,X,,,,,,,,,,,,,,,,,,,,,,,,,,X,,,,,,,,,,,X,,X,,,,,,,,,,,
3376499,,,,X,,,,,,,,,,,,,X,,,,,,,X,,,,,,,X,,,,,,,X,,,,,,,,,,,,X,,,,,,,,,,,,,,,,,,,,,,,,,,,,,,,,,,,,,,,,,X,,,X,,X,,X,,X,,,,,,,,,,,,,,,X,X,,,,,,X,X,,,,,,,,,,,
2561047,,,,,,,,,,,,,,,,,,,,,,,,,,,,,,,,,,,,,,,,,,,,,,,,,,,,,,,,,,,,,,,,,,,,,,,,,,,X,,X,,,,,,,,,,,,,,,,,,,,,,,,,,,,,,,,,,,,,,,,,,,,,,,,,,,,,,,,,
2488869,,,,,,,,,,,,,,,,,,,,,,,,X,,,,,,,,,,,,,,,,,,,,,,,,,,,,,,,,,,,,,,,,,,,,,,,,,,,,,,,,,,,X,X,,X,,,,,,,,,,,,,,,,,,,,,,,,,,,,,,,,,,,,,X,,,,,,,,,,,
1860599,,,,,,,,,,,,,,,,,,,,,,,,,X,X,,,,,,,,,,X,,,,,,,,,,,,,,,,,,,,,,,,,,,,,,,,,,,,X,,,,,,,,,,,,,,,,,,,,,,,,,,,,,,,,,,,,,,,,,,X,,,,,,,,,,,,,,,,,,,,
2092017,,,,,,,,,,,,,,,,,,,,,,,,,,,,,,,X,,,,,,,,,,,,,,,,,,,,,,,,,,,,,,,,,,,,,,,,,,,,,,,,,,,,,,,,,,,,,,,,,,,X,,,,,,,,,,,,,,,,,,,,,,,,,,,,,,,,,,,,
1204600,,,,,,,,,,,,,,,,,,,,,,,,X,,,,,,,X,,,,,,,X,,,,,,,,,,,,,,,,,,,,,,,,,,,,,,,X,,,,,,,,,,,,,,X,,,,,,,,,,,X,,,,,,,,,,,,,,,,,,,,,,,,,,,,,X,,,,,,,X,,,,
374832,,,,,,,,,,,,,,,,,,,,,,,,X,,,,,,,,,,X,,,,,,,,,,,,,,,,,,X,,,,,,X,,,,,,,,,,,X,,,,,,,,,,,,,,X,,,X,,,,,,,,,,,,,,,,,,,,X,,,,,,,,,X,,,,,,,,,,,,,,,,,,,
577958,,,,,,,,,,,,,,,,,,,,,,,,,,,,,,,,X,,,,,,,,,,,,,,,,,,,,,,,,,,,,,,,,,X,,,,X,,,,,,,,,,,,,,,,,,,,,,,,,,,,,,,,,,,,,,,,,,,,,,,X,X,,,X,,,X,,,,,,,X,,,,
3137119,,,,,,,,,,,,,,,,X,,,,,,,,X,,,,,,,X,,,,,,,,,,,,,,,,,,,,,,,,,,,,,,,,,,,,,,,,,,,,,,,X,,,,,X,X,,,,,,,,,,,,,,,,,,,,,,,X,,,,,,,,,,,,,,,,X,,,,,,,,,,,
1210831,,,,,,,,,,,,,,,,,,,,,,,,,,,,,,,,,,,,,X,,,,,,,,,,,,,,,,,,,,,,,,,,,,,,,,X,,,,,,,,,,,,,,,,,,,,,,X,,,,,,,,,,,,,,,,X,,,,,,,,,,,,,,X,,X,,,,,,,,,,,
62638,,,,,,,,,,,,,,,,,,,,,,,,X,,,,,,X,,,,,,,,,,,,,,,,,,,,,,,,,,,,,X,,,,,,,,,,,,,,,,,,X,,,,X,,,,,X,,,,,,,,,,,,,,,,,,,,,,,,,,,,,X,,,,,X,,,X,,,,,,,,,,,
1405885,,,,,,,,,,,,,X,,,,,,X,,X,,,X,,,,,,X,,,,X,,,,,,,,X,,,,,,,,,X,,,,,,,X,,,,,X,,,,X,,X,,,,,,X,,,,,,,,X,,,X,,,,,X,,,,,,,,,,,,,X,,,X,,,,,,,,,,,,,X,,,X,,,,,,,,,,,
2417556,,,,,,,,,,,,,,,,,,,,,,,,,,,,,,,,,,,,,,,,,,,,,,,,,,X,,,,X,,,,,,,,,,,,,,,,,,,,,,,,,,,,,,,,,,,,,,,,,,,,,,,,,,,,,,,,,,,,,X,,,,,,,,,,,,,,,,,,,
2405792,,,,,,,,,,,,,,,,,,,,,,,,,,,,,,,,,,,,,X,,,,,,,,,,X,,,,,,,,,,,X,,,,,,,,,X,,,,,,,,,,,X,,,,,,,,,,X,,,X,,,,,,,,,X,,,,,,,,,,,,,,,,,,,,,,,,,,,,,,,,,,
1241055,,,,X,,,,,,,,,,,,,,,,,,,,X,,,,,,,,,,,,,,,,,,,,,,,,,,,,,,,,,,,,,,,,,,,,,,,,X,,,X,,X,,,,,,,,,,,,,,,,,,,,,,,,,,,,,,,X,,,,,,,,,,,,,,,,,,,,,,X,,,,
206210,,,,,,,,,X,,,X,,,,,,,,,X,,,X,,,,,,,,,,,,,,,,,,,,,,,,,,,,,,,,,,,,,,,,,,,,,X,,,X,,,,,,X,,,,,X,,,,,,,,,,X,,,,,,,,,,,,,,,,,,,,,,,,X,,,,X,,,,,,,,,,,,,
3399839,,,X,,,,,,,,,,,,,,,,,,,,,,,X,,,,,,,,,,,X,X,,,,,,,,,,,,,,X,,,,,,,X,,,,,,,,X,,,,,,,,,,,,,,,,,,,,,X,,,X,,,,,,,,,X,,,,,,,,,,X,,X,,,X,,,,,,,,,,,,,,X,,,,,
2324385,,,,,,,,,,,,,,,,,,,,,,,,,,,,,,,,,,,,,,,,,,X,,,,,,,,,,,,,,,,,,,,,,,X,,,,,,,,,,,,X,,,,,,,,,,,,,X,,,,X,,,,,,,,,,,,,,,,,,,,,,,,,,,,,,,,,,,,,,,,
2102235,,,,,,,,,,,,,,,,,,,,,X,,,,,,,,,,,,,,,,,,,,,,,,,,,,,,,,,,,,,,,,,,,,,,,,,,,,,,,,,,,,,,X,,,,,,,,,,,,,,,,,,,,,,,,,,,,,,,,X,,,,,,,,,,,,,,,,,,,
3071888,,,,,,,,,,,,,X,,,,,,,,,,,X,,,,,,,,X,,,,,,,,,,X,X,,,,,,,,X,,,,,,,,X,,,,,,,,X,,,,,,,,,,,X,,,,,X,,,,,,,,X,,,X,,,,,,,,,,,,,X,,,,,X,,,,X,,,,,,,X,,,,,,,,,,,
1797084,,,,,,,,,,,,,,,,,,,,,,,,X,,,,,,,,,,,,,,,,,,,,,,,,,,,,,,,,,,,,,,,,,,,,,,,,,,,,,,,,,,,X,X,,X,,,,,,,,,,,,,,,,,,,,,,,,,,,,,,,X,,,X,,,X,,,,,,,X,,,,
619655,,,,,,,,,,,,,,,,,,,,,,,,,,,,,,,,,,,,,,,,,,,,,,,,,,,,,,,,,,,,,,,,,,,,,,,,,,,,,,,,,,,,,,,,,,,,,,,,,,,,,,,,,,,,,,,,,,,,,,,,,,,,,,,,,,,,,,X
1540308,,,,,,,,,,,,,,,,,,,,,,,,X,,,,,,,,,,,,,X,,,,,,,,,,,,,X,,,,,,,,,,,X,,,,,,,,,,,,,,,,,,,,,,,,,,,,,,,,,X,,X,,,,,,,,,,,X,,,,,X,,,,,,,,X,,,X,,,,,,X,,X,,,
1622225,,,,,,,,,,,,,,,,X,,,X,,,,,X,,,,,,,X,,,,,,,,,,,,,,,,,,,,,,,,,,,,,,,,X,,,,,,X,,,,,,,,,,,,,,X,,,,,,,X,X,,,X,,,,,,,,,,,,,,,,,,,,,,X,,,,,,,X,,,,,,,,,,,
717493,,,,,,,,,,,,,,,,,X,,,,,,,X,,,,,,,,,,,,,,,,,,,,,,,,,,,,,,,,,,,,,,,,,,X,,,,,,,,,,,,,,,,,X,X,,,,,,,,,,,,,,,,,,,,,,,,,,,,,,,,,,,,,,,X,,,,,,,,,,,
1573024,,,,,,,,,,,,,,,,,,,,,,,,X,,,,,,,,,,,,,,,,,,,,,,,,,,,,,X,,,,,,X,,,,,,,,,,,,,,,,,,,,,,,,X,X,,,,,,,,,,,,X,,,X,,,,,,,X,,X,,,,,,,,X,X,,,X,,,X,,,,,,,,,,,
72066,,,,,,,,,,,,,,,,,X,,,,,,,X,,,,,,,,,,,,,,,,,,,,,,,,,,,,,,,,,,,,,,,,,,,,,,,,,,,,,,,,,,,X,X,,,,,,,,,,,,,,,,,,,,,,,X,,,,,X,,,X,,,,,,,X,,,,,,,,,,,,
247166,,,,,,,,,,,,,,,,,,,,,,,X,X,,,,,,,,,,,,,,X,,,,,,,,,,,,,,,,,,,,,,,,X,,,,X,,,,,,,,,,,,X,,,,,,,,,,,X,,,,X,,,,,,,,,,,,,,,,,,,,,,,X,,,,,,,,,,,,,,,,,,
1139355,,,,,,,,,,,,,,,,,,,,,,,,,,,,,,,,X,,,,,,,,,,,,,,,,,,,,,,,,,,,,,,,,,,,,,,,,X,,,,,,,,,,,,X,,,,,,,,,,,,,,,,,,,,,,,,,,,,,,,,,,,,,,,,,,,,,,,,,,
2471731,,,,,,,,,,,,,,,,,,,,,X,,,X,,,,,,,,,X,,,,X,,,,,,,,,,,,,,,,,,,,,,,,,,,,,,,,,,,,,,,,,,,,,,,,,,,,,,,,,,,,,,,,,,,,,,,,,,,X,,,X,,,,,X,,,X,,,,,,X,,,,,
1402814,,,,,,,,,,,,,,,,,,,,,X,,,,,,,,,,,,,,,,,,,,,,,,,,,,,,,,,,,,,,,,,,,,,,X,,,,,,,,,,,,,,,,,,,,,,,,,,,,,,,,,,,,,,,,,,,,,,,,,,,,,,,,,,,,,,,,,,,
1252410,,,,,,,,,,X,,,,,,,,,X,,,,,,,,,,,,,,,,,,,,,,,,,,,,,,,,,,,,,,,,,,,,,,,,,,,,,,,,,,,,,,,,,,,,,,,,,,,,,,,,,,,,,,,,,,,,,,,,,,X,,,,,,,,,,,,,,,,,
3127776,,,,,,,,,,,,,,X,,,,,,,X,,,X,,,,,,,X,,,,,,,,,,,,,,,,,,X,,,X,,,,,,,,,X,,,,,,,,,,,,,,,,,,,,X,,X,X,,,,X,,,,,X,,,,,,,,,,,,,X,X,,,,,X,,,X,,,,,X,,,X,,,,,,,,,,,
1732695,,,,,,,,,,,,,,,,,,,X,X,,,,X,,,,,,,,,,,,,X,,,,,,,,,,,,,,,X,,X,,,,,,,,,,,,,,,,,,X,,,X,,,,,,,,X,,,,,,,,X,,,,,,,,,,,,,,,,,,,,,,,,X,,,,,X,,,X,,,,,,,,,,,
1868953,,,,,,,,,,,,,,,,,,,,,,,,X,,,X,,,,X,,,,,,,,,,,,,,X,,,,,,,,,,,,,,,,,,,,,,,,,,,,,,,,,,,,,,,,,X,,,,,X,,,,,,,,,,,,,,,,,,,,,,,,,,,,,X,,,,,,,,X,,X,,,,
1891688,,,,,,,,,,,,,,,,,,,,,,,,X,X,,,,,,,,,,,,,,,,,,,,,,,,,,,,,,,,,,,,,,,,,,,,,,,,,X,,,,,,,,,X,,,X,,,,,,,,,,,,,,,,,,,,,,,,,,,,,,,,,,,,,,,,,,,,,,,,
239553,,,,,,X,,,,,,,,,,X,X,,,,,,,X,,,,,,,,,,,,,,,,,,,,,,,,,,,,,,,,,,,X,,,,,,,X,,,,,,,,,,,,,,,,,X,,,X,,,,,,,,X,,,,,,,,,,X,,,,,,,,,,,,,,,,,,,,,,,,,,,,,,
1455945,,,,,,,,,X,,,,,,,,,,,,,,,X,,,,,,,,,,,,,,,,,,,,,,,,,,,,,,,,,,,,,,,,,,,,,X,,,,,,,,,,,,,,X,,,X,,,,,,,,,,,,,,,,,,,,X,X,,,,,,,,,,X,,,,,,X,,,,,,,,,,,
3191234,,,,,,,,,,,,,,,,,,,,,X,,,,,,,,,,,,,,,,,,,,X,,,,,,,,,,,,,,,,,,,,,,,,,,,,,,,,,,,,,,,,,,X,,,,,,,,X,,,,,,,,,,,,,,,,,,,,,,,,X,,,,,,,,,,,,,,,,,,,
2980460,,,,,,,,,,,,,,,,X,,,,,,,,,,,,,,,,,,,,,,,,,,,,,,,,,,,,,,,,,,,,,,,,,,,,,,,,,,,,,,,,,,,X,,,,,,,,,,,,,,,,,,,,,,,,,,,,,,,,,,,,,,,,,,,,,,,,,,,
2761800,,,,,,,,,,,,,,,,,,,,,,,,,,,,,,,,,,,,,,,,,,,,,,,,,,,,X,,,,,,,,,,,,,,,,,,,,,,,,,,,,,,,X,,,,,,,,X,,,,,X,,,,,,,,,X,X,,,,,,,,,,,,,,,,,,,,,,,,,,,,
185230,,,,,,,,,,,,,,,,,,,,,,,,X,,,,,,,,,,,,,,,,,,,,,,,,,,,,,,,,,,,,,,,,,,,,,,,,,,,,,,,,,,,,,,,,,,,,,,,,,,,,,,,,,,,,,,,,,,,,,,,,,,,,,,,,,,,,,,
551947,,,,,,,,,,,,,,,,,,,,,,,,,,,,,,,,,,X,,,,X,,,,,,,,,X,,,X,,X,,,,,,,,,,,,X,,,X,,,,,,,,X,,,X,X,,,,,,X,,,,,,,,,X,,,,,,X,,,,,,,X,,,,,,,,,,,,,,,,,,,,,,,,,,,
3125301,,,,,,,,,X,,,,,,,,,,,,,,,X,,,,,,,X,X,,,,,,,,,,,,,X,,,,,,,,,,,,,,,,,,,,,,,,,,,,,,,,,,,,,,X,,,,,,,,,,,,,,,,,,,,,,,,,,,,,,,,,,,,,,,,,,,,,,,,,,,
1157752,,,,,,,,X,,,,,,X,,,,,,,,,,,,,,,,,,,,,,,,,,,,,,,,,,,,,,,,,,,,,,,,,,,,,,,,,,,,,,,,,X,,,,,,,,,,,,,,,,,,,,,,,,,,,,X,,,,,X,,,X,,,,,,,,,,,,,,,,,,,
919289,,,X,X,,,,,,,,,,,,,,,,,X,,,X,,X,,,,,,,,,,X,,,,,,,,,,,,,,,,X,,,,,,,,,,,,,,,,,,,,,,,,,,,,,,,X,X,X,X,,,,,,,X,,,,,,,,,,,,,,,,,,,X,,,X,,,,,,,,,,,,,,,,X,,,
341488,,,,,,,,,,,,,,,,,,,,X,,,,,,,,,,,,,,,,,,,,,,,,,,,,,,,,,,X,,,,,,,,,,,,,,,,,,,,,,,,,,,,,,,,,,,,,,,,,,,,,,,,,,,,,,,,,,,,,,,,,,,,,,,,,,,,,,,,
3288563,,,,,,,,,,,,,,X,,,,,,,X,,,,,,,,,,,,,,,,,X,,,,,,,,,,,,,,,,,,,,,,,,,,,,,,,,,,,,,,,,,,,,,,,,,,X,,,X,,,X,,X,,,,,,,,,,,,,,,,,,,,,X,,,,,,,,,,,,,X,,,,
3208021,,,,,,,,,,,,,,,,,,,,,,,,,,,,,,,,X,,,,,,,,,,,,,,,,,,,,,,,,,,,,,X,,,,,,,,,,,,,,,,,X,,,,,,,,,,,,,,,,,,,,,,,,,,,,,,,,,,,,,,,,,,,,,,,,,,,,,,,,
961686,,,,,,,,,,,,,,,,,,,,,,,,,,,,,,,,,,,,,,,,,,,,,,,,,,,,,,,,,,,,,,,,,,,,,X,,,,,,,,,,,,,,,,,,,,,,,,,,X,,,,,,,,,,,,,,,,,,,,X,,X,,,,,,X,,,,,,,,,,,
2115372,,,,,,,,,,,,,,,,,,,,,X,,,X,,,,,,,,,,,,,,,,,,X,,,,,,,,,,,,,,,,,,,,,,,,,,,,,,,,,,,,,,,,,X,,,,,,,,X,,,,,,,,,,,,,,,,,,,,,,,,X,,,,,,,,,,,,,X,,,,,,
2107363,,,,,,,X,,,,,,,,,X,,,,,,,,,,,,,,,,,,,,,,,,,,,,,,,,,,,,,,,,,,,X,,,,,,,,,,,,,,,,,,,X,,,,,X,X,,,,,,,,,,,,,,,,,,,,,,X,,X,,,,,,,,,,,,,,,X,,,,,,,,,,,
1174841,,,,,,,,,,,,,,,,,,,,,,,,,,,,,,,,,,,,,,,,,,,,,,,,,,,,,,,,,,,,,,,,,,,,,,,,,,,,,,,,,,,,,,,,,,,,,,,,,,,,,,,,,,,,,,,,,,,,,,,,X,,,,,,,,,,,,,,
2894097,,,,,,,,,X,,X,X,,,,,,,,,X,,,X,,,,,,,,,,,,,,,,,,,,,X,,,,,,,,,,,,,,,,,,,,,,,,,,,,,,,,,X,,,,,,,,,,,X,,X,,,,,,,,,,,,,,,,,,,,,,,,X,,X,,,,,,X,,,,,,,,,,,
2328626,,,,,,,,,,,,,,,,,X,,,,,,,,,,,,,,,,,,,,,,,,,,,,,,,,,,,,X,,,,,,,,,,,,,,,,,,,,,,,,,,,,,,,,,,,,,,,,,X,,,,,,,,,,,,,,,,,,,,,,,,,,,,,,,,,,,,,,,,
1665883,,,,,,,,,,,,,,,,X,X,,,,,,,,,,,,X,,,,,,,,,,,,,,,,,,,,,,,,,,,,,,,,,,,,,,,,,,,,,,,,,,,,,,,X,,,,,,,,,,,,,,,,,,,,,,,,,,,,,,,,X,X,,,,,,,,,,,,,,,,,
1249192,,,,,,,,,,,,,,,,,,,,,,,,,,,,,,,,,,,,,,,,,,,,,,,,,,,,,,,,X,,,,,,,,,,,,,,,,,,,,,,,,,,,,,,,,,,,,,,,,,,,,,,,,,,,,,,,,,,,,,,,,,,,,,,,,,,,,,,
1757358,,,,,,,,X,,,,,,,,,,,,,X,,,,X,,,,,,X,,,,,,,,,,,,,,,,X,,,,,,,,,,,,,,,,,,,,,,,,,,,,,,,,,,,,X,,,,,,,,X,,,,,,,,,,,,,,,,,,,,,,,,,,,,,,,,X,,,,,,,,,,,
2235210,,,X,,,,,,,,,,,,,,,,,,X,,,,,X,,,,,,,,,,,,,,,,,,,,,,,,,,,X,,,,,,,,X,,,,,,,,,,,,,,,,,,,,,,,,,,,,,,,,,,,,,,,,,,,,,,X,,,,,,,X,X,,,,,X,,,,,,,,,,,,,,
591133,,,,,,,,,,,,,,,,,,,,,,,,X,,,,,,,,,,,,,,,,,,,,,,,,,,,,,,,,,,,,,,,,,,,,,,,,,,,,,,,,,,,X,,,,,,,,,,,,,,,,,,,,,,,,,,,,,,,,X,,,,,,,,X,,,,,,,,,,,
762148,,,,,,,,,,,,,,,,,X,,,,,,,,,,,,,,,,,,,,,,,,,,,,,,,,,,,,,,,,,,,,,,,,,,,,,,,,,,,,,,,,,,,,,,,,,,,,,,,,,,,,,,,,,,,,,,,,,,,,,,,,,,,,,,,,,,,,,
2238556,,,,,,,,,,,,,,,,,,,,,,,,X,,,,,,,,,,,,,,,,,,,,,,,,,,,X,,,,,,,,,,,,,,,,,,,,,,,,,,,,,,X,,X,,,,,X,,,X,,,,,,,X,,,,,,,,,,,,,,,,,,X,,,,,,,X,,,,,,,,,,,
1460374,,,,X,,,,,X,,,,,,,,,,,,,,,X,,,,,,,X,,,X,,,,,,,,,,,,,,,,,,,,,,,,,,,X,,,,,,,,X,,,,,,,,,X,,,,,,,,,,X,,,,,,,,X,,,,,,,,,,X,,,,,,,,,X,,,,,X,,,,,,,,,,,X,,,
1704553,,,,,,,,,,,,,,,,,,,,,,,,X,,,,,,,,,,,,,,,,,,,,,,,,,,,,,,,,,,,,,,,,,,,,,,,,,,,,,,,,,,,X,,,X,,,,,X,,,,,,,,,,,,,,,,,,,,,,,,,,,,,,,,X,,,,,,,,,,,
696159,,,,,,,,,,,,,,,,,X,,,,,,,X,,,,,,,X,,,,,X,X,X,,,,,,,,,,,X,,,X,,,,,,,,,,,,,,,X,,X,,,,,,,,,X,X,,,,X,X,,,,,,,,,,,,,,,,,,,,,X,X,X,,,,,,,,,X,,,,X,,,X,,,,,,,,,,,
288025,,,,,,,,,,,,,,,,,,,,,X,,,,,,,,,,X,,,,,,,,,,,,,,,,,,,,,,,,,,,,,,X,,,,,,,,,,,,,,,,,,,,,,,X,,,,,,,,,,,,,,X,,,,,,,,,X,,,,,,,,X,,,,,X,,,X,,,,,,,,,,,
1797971,,,,X,,,,,,,,,X,,,,,,,,,,,X,,,,,,,,,,,,,,,,X,,,X,,,,,X,,X,,,,,,,,,,,,,,X,,,,,X,,,,,,,,,,,X,X,,,,,,,,,,,,,,,,,,,,,,,,X,X,,,,,,,,,,,,,,,X,,X,,,,,X,X,,,,,
892769,,,,,,,,,X,,,,,,,X,,,,,,,,X,,,,,,,,,,,,,,,,,,,,,,,,,,,,,,,,,,,,,,,,,,,,,X,,,,,,,,,,,,,,,,,,,,X,,,,,,,,,,,,,,,,,,,X,,,,,,,,,,,,,,,X,,,,,,,,,,,
1583527,,,,,,X,,,,,,,,,,,,,,,,,,,,,,,,,,,,,,,,,,,,,,,X,,,,,,,,,,,,,,,,,,,,,,,,,,,,,,,,,,,,,,,,,,,,,,,,,,,,,,,,,,,,,,,,,,,,,,,,,,,,,,,,,,X,,,,,,,
3151153,,,,,,,,,,,,,,,,,,,,,,,,,,,,,,,,,,,,,,,,,,,,,,,,,,,,,,,,,,,,,,,,,,,,,,,,,,,,,,,,,,,,X,,,,,,,,,,,,X,,,,,,,,,,,,,,,,X,,,,X,,,,,,,,,,,,,,,,,,
1260631,,,,,,,,,,,,,,,,,,,,,,,,,,,,,,,,,,,,,,,,,,,,,,,,,,,,,,,,,X,,,,,,,,,,,,,,,,,,,,X,,,,,,,,,,,,,,,,,,,,,,,,,,,,,,,,,,,,,,X,,,,,,,,,,,,,,,,,,,
1684759,,,,,,,,,,,,,,,,,,,,,,,X,X,,X,,,,,X,,,,,,,,,,,,,,,,,,,,,,,,,,,,,,,,,,,,X,,,,,,,,,,,X,,,,,X,X,,X,,X,,,X,,,,,,,X,,,,,,,,,,,,,,,,,X,,X,,,,X,,X,,,,,X,,,,,,
2921292,,,,X,,,,,,,,,,,,,,,,,,,,X,,,,,,,,,,,,X,,X,,,,,,,,,,,,,,X,,,,,,,X,,X,,,X,,,,,X,,,,,,,,,,X,,,,,,,,,,,,X,,,,,,,X,,,,,,,,X,,,,,,,,,,X,,,,X,,,X,,X,,,,X,,,,,
2857433,,,,,,,,,,,,,,,,,,,,,,,,X,,X,,,,,,,,,,,,,,,,,,,,,,,,,,,,X,,,,,,,,,,,,,,,,,,,,,,,,X,,,,,,X,,,,,,,,,,,,,,,X,,X,,,,,,,,,,,,,,,X,,,,,X,,X,,,,,,X,,,,,
735116,,,,,,,,,,,,,,,,,,,,,,,,,,,,X,,,,,,,,,X,,,,X,,,,,,,,,,,,,,,,,,,,,X,,,,,,,,,,,,,,,,,,,,,X,,,X,,,,,X,,,,,,,,,,,,,,,,,,,,,,,,X,,,,,X,,,,,,,,,,,,,,
3001971,,,,,,,,,,,,,,,,,,,,,,,,,,,,,,,X,,,,,,,,,,,,,,,,,,,,,,,,,,,,,,,X,,,,,,,,,,X,,,,,,,,,,,,,,,,,,,,,,,,,,,,,,,,,,,,,,,,,,,X,,,,,,,,,,,,,,X,,,,,
1509667,,,,,,,,,,,,,,,,,,,,,,,,,,,,,,,,,,,,,,,,,,,,,,,,,,,,,,,,,,,,,,,,,,,X,,,,,,,,X,,,,,,,,X,,,X,,,,,,,,,,,,,,,,,,,,,,,,,,X,,,,,,,,,,,,,,,,,,,,,,
2622809,,,X,,,,,,,,,,,,,,,,,,,,,X,,,,,,,X,,,,X,,,,,,,,,,,,,,,,,,,,,,,,,,X,,X,,,,,,X,,,,,,,,,,,,,,X,,,,,,,,X,,,,,,,,,,,,,,,,,,,,,X,,,,,,,,X,,,X,,,,,,,,,,,
2172343,,,,,,,,,,,,,,,,,,,,,,,,,,,,,,,,,,,,,,,,,,,,,,,,,,,,,,,,,,,,,,,,,,,,,,,,,,,,,,,,,X,,,,,,,,,,,,,,,,,,,,,,,,,,,,,,,,,,,,,,,,,,,,,,,,,,,,,
3260385,,,,,,,,,,,,,,,,,,,,,,,,X,,,,,,,,,,,,,,,,,,,,,,,,,,,,,,,,,,,,,,,,,,,,,,,,,,,,,,,,,X,,X,,,,,,,,,,,,,,,,,X,,,,,,,,,,,,,,,,,,,,X,,,X,,,,,,,,,,,
1223973,,,,,,X,,,,,,,,,,,,,,,,,,,,,,,,,X,,,,,,X,,,,,,,,,,,,,X,,X,,,,,,,,,,,,,,,,,,,,,,,,,,,,,,,,,,,,,,,,,,,,,,,,,,,,,,,,,,,,,,,X,X,,,,,,,,,,,,,,,,,,
1236231,,,,,,,,,,,,,,,,,,,,,,,,X,,X,,,,,,,,,,,,,,,,,,,,,,,,,,X,,,,,,,,,X,,,,,,,,,,,,,,,,,,,,,,,,,,,,,,X,,,,,,,,,,,,,,,,X,,,,,,,,,,,,,X,,,,,,,,X,X,,,,,
2011140,,,,,,,,,,,,,,,,,,,,,,,,,,,,,,,,X,,,,,,,,,,,,,,,,,,,,,,,,,,,,,,,,,,,,,,,,,,,,,,,,,,,,,,,,,,,,,,,,,,,,,,,,,,,,,,,,,,,,,X,,,,,,,,,,,,,X,,,,
2669449,,,,,,,,,,,,,,,,X,X,,,,,,,,,,,,,,,,,,,,,,,,,,,,,,,,,,,,,,,,,,,,,,,,,,,,,,,,,,,,,,,,X,,X,,,,,,,,,,,,,,,,,,,,,,,,,,,,,,,,,,,,,,,,,,,,,,,,X,,,
75195,,,,,,,,,,,,,,,,,X,,,,,X,,X,,,,,,,,X,,,,,,,,,,,,,,,,,,,,,,,,,,,,,,,,,,,,,,,,,,,X,,,,,,,,,,X,,,,,,X,,X,,,,,,,,,,,,,,,,,,,,,,,,,,,X,,,,,,,,,,X,,,,
3035638,,,,,,,,,,,,,,,,,,,,,,,,X,,,,,,,,X,,,,,,,,,,,,,,,,,,,,,,,,,,,,,,,,,,,,,,,,,,,,,,,,,,,,,,,,,,,,,,,,,,,,,,,,,,,X,,,,,,,,,,X,,,,,,,,,,,,,X,,,,
1918518,,,,,,,,,,,,,,,,,,,,,,,X,X,,,,,,,,,,,,,X,,,X,,,,,,,,,,,,,,,,,,,,,X,,,,,,,,,,,,,,,,X,,,,,,,,,,,,,,X,,X,,,,,,,,,,,,,,,,,,,,,,,,,,,X,,,,,,,,,,,,,,
1501013,,,,,,,,,,,,,,,,,,,,,,,,X,,,,,,,,,,,,,,,,,,,,,,,,,,,,X,,X,,,,,,,,,,X,,,,,,,,,,,,,,X,,,,,,,,,,X,,,,,,,,,,,,,,,,,,,,,,,,X,,,,,,,,,X,,,,,,,,,,,,,
1517102,,,,,,,,,,,,,,,,,,,,,,,,,,,X,X,,,X,,,,,,,,,,,,,,,,,,,,,,,,,,,,,,X,,,,,,X,,,,,,,,,,,X,,,,,,,,,,,,,,,,,,X,,,,,,,,,,X,,,,,,X,,,X,,,,,,,,X,,,,,,,,,,,
438371,,,,,X,,,,,,,,,,,,,,,,,,,,,,,,,,,,,,,,,,,,,,X,,,,,,,,,,,,,,,,,,,,,,,,,,,,,,,,,,,,,,,,,,,X,,,,,X,,,,,,,,,X,,,,,,,,,,,,,,,,X,,,,,,,,,,,,,,,,,,
2160285,,,X,,,,,,,,,,,,,,,,,,,,,X,,X,,,,,,,,,,,,,,,,,,,,,,,,,,,,,,,,,,,,,,,,,,,,,,,,,,,,,,,,,,,,,,X,,,,,,X,,X,,,,,,,,,,,X,X,,,,,,,,,,,,,X,,X,,,,,X,,,,,,
3008842,,,,,,,,,,,,,,,,,,,X,,,,,X,,,,,,,,,,,,,,,,,,,,,,,,,,,,,,,,,,,,,,,,,,,X,,,,,,,,,,,,,,,,X,X,,,,,,,,,,,,,,,,X,,,,,,,,,,,,,,,,X,,,,X,X,,X,,,,,,,,,,,
2677009,,,,,,,,,,,,,,,,,,,,,,,,,,,,,,,,,,,,,,,,,,,,,,,,,,,,,,,,,,,,,,,,,,,,,,,,,,,,,,,,,,,,,,,,,,,,,,,,,,,,,,,,,,,,,,,,,,,X,,,,,,,,,,,,,,,,,,,
1640164,,,,,,,,,,,,,,,,,,,,,,,,X,,,,,,,,,,,,,,,,,,,,,,,X,,,,,,,,,,,,,,,,,,,,,,,,,,,,,,,,,,,,X,,,,,,,,,,,,,,,,,,X,,,X,,,,,,,,,,,,,X,,,,,,X,,,,,,,,,,,
3312277,,,X,,,,,,,,,,,,,,,,,,,,,X,,X,,,,,X,,,,,,,,,,,,,,X,,,,,,,,X,,,,,,,,,,,,,,,,,,,,,,,,,,,,,,,,,,,,,,X,,,X,,,,,,,,,,,,,X,,,,,,,X,,,,,,,,,,,,,,,,,,,,
2094049,,,,,,,,,,,,,,,X,,,,,,X,,,,,,,,,,,,,,,,X,,,,,,,,,,,,,X,,,,,,,,,X,,X,,,,,,,,,,,,,,,,,,,,,,,,,,,,,,,,X,,,,,,,,,,,,,,,,,,,,,,,,,,,,,,,,,,,,,,,,,
1584971,,X,,,,,,,X,,,,,,,,,,,,,,,,,,,,,,,X,,,,,,X,,,,,,,,,,,,,,,,,,,,,X,,,,,,,,,,,,,,,,,,,,,,,,,,,X,,,,,X,,X,,,,,,,,,,,,,,,,,,,X,,,,,,,,,X,,X,,,,,,,,,,,
96005,,,,,,,,,,,,,,,,X,,,,,,,,X,,,,,,,,,,,,,,,,,,,,,,,,,,,,,,,,,,,,,,,,,,,,,,,,,,,,,,,,,,,X,,,,,,,,,,,,,,,,,,,,,,,,,,,,,,,,X,,,,,,,,X,,,,,,,,,,,
699874,,,,,,,,,,,,,,,,,X,,,,,,,,,,,,,,,,,,,,,,,,,,,,,,,,,,,,,,,,,,,,,,,,,,,,,,,X,,,,,,,,,,,,X,,,,X,X,,,,,,,,,,,,,,,,,,,X,,,,,,,,,,,,,X,,,,,,,,,,,,,
2555986,,,,,,,,,,,,,,,,,,,,,,,,X,,,,,,X,,,,,,,,,,,,,,,,,,,,,,,,,,,,,,,,,X,,,,X,,X,,,,,,,,,,,,,,,,,,,,,,,,,,,,,,,,,,,,,,,,,,,,,,,,,,,,,,,,,,,,,X,,,,
248744,,,,,,,,,,,,,,,,,,,,,X,,,,,,,,,,,,,,,,,,,,,,,,,X,,,,X,,,,X,,,,,,,,,,,,,,,,,,,,,,,X,X,,,,,,,,,,,,,,,,,,,,,,,,,,,,,X,,,,,,,,X,,,,,,X,,,,,,,,,X,,,,
1068788,,,,,,,,,,,,,,,,,X,,X,,X,,X,X,,,,,X,X,,,,,,,,,,,,,X,,X,,,,,,,,,,,,,,X,,,,,,,,X,,,,,,,,,,,,X,,X,,X,X,,X,,X,,,,,,,,,,,,,,,,,,,,,,,,,,,,X,X,,,X,,,,,,,,,,X,,,,
1342907,,,X,X,X,,,,,,,,,,,,,,,,,,,X,,,,,,X,X,,,X,,,,,,,,,,,,,,,,,,,X,,,,,,X,,,,,,,,,,X,,,,,,,,,,,,X,,X,X,,X,,,,,,,,,,,,,,,,,,,,X,,,,,,,,,,,,,,X,,,X,,,,,X,,,,,,
832855,,,,,,,,,,,,,,,,,,,,,X,,,X,,,,,,,,,,,,,,,,,,,,,,,,,,,,,,X,,,,,,,,,,X,,,,,,,,,,,,,,X,X,,,,X,,,X,,,,,,,,,,,,,,,,,,,,,,,,,,,,,,X,,,,,,,X,,,,,,,,,,,
334677,,,,,,,,,,,,,,,,,,,,,,,,,,,,,,,,,,,,,,,,,,,,,,,,,,,,,,,,,,,,,,,,,,,,,,,,,,,,,,,,,,,,X,,,,,,,,,,X,,,,,,,,,,,,,,,,,,,,,X,,,,,,,,,,,,,,,,,,,
365284,,,,,X,,,,,,,,,,,,,,,,X,,,X,,,,,,,,,,,,,,,,,,,,,,,,,,,,,X,,,,,,,,,,,,,,,,,,,,,X,,,,,,,,,,,,,,X,,,,,,,,,,,,,,,,,,,,,,,,X,,,,,,,,,,,,,,,,,,,,,,
1680468,,,,,,,,,X,,,,,,,,,,,,X,,,,,,,,,X,,X,,,,,,,,,,,,,,,,,X,,,,,,,,,,,,,,,,,,,,,,,,,,,,,,X,,,,X,X,,X,,,,,,,X,,,,,,,,,,,X,,,,,,,,,,,,,,,,,X,,,,,,,,,,X,,,
773363,,,,,,,,,,,,,,,,,X,,,,X,,,,,,,,,,,,,,,,,,,,X,,,,,,,,,,,,X,X,X,,,,,,,,,,,,,,,,,,X,,X,,,,,X,,,X,,,,,,,,,,,,,,,,,,,,,,,,,,,,,,,,,,,,,,,,X,,,,,,,,,,,
2605867,,,,,,,,,,,,,,,,,,,,,,,,X,,,,,,,,,,,,,,,,,,,,,,,,,,,,,X,X,,,,,,,,,,,,,,,,,,X,,,,,,,,,X,,X,X,,X,,X,,,X,,,,,,,,,,,,,,,,,,,,,,,,,,,,,,,,X,,,,,,,,,,,
3142,,,,,,,,,,,,,,,,,,,,,,,,,,,,,,,X,,,,,,,,,,,,,,,,,,,,,,,,,,,,,,,,,,,,,,,,,,,,,,,,,,,,,,,,,,,,,,,,,,,X,,X,,,,,,,,,,,,X,,,,,,,,,,,,,,,,,,,,,,
2006902,,,,,,,,,,,,,,,,,,,,,,,,X,,,,,,,,,,,,,,,,,,,,,,,,,,,,,,,,,,,,,,,,,,,,,,,,X,,,,,,,,,,,X,,,X,,,,,,,,,,,,,,,,,,,,,,,,,,,,,,,,,,X,,,,,,,,X,,,,,,
2439486,,,,,,,,,,,,,,,,,,,,,,,,X,,,,,,,,,,,,,,,,,,,,,,,,,,,,,,,,,,,,,X,,,,,,,,,,,,,,,,,X,,,,,,,,,,,,,,,,,,,,,,,,,,,,,,,,X,,X,,,,,,,,,,,X,,,,,,,,X,,,
69760,,,,,,,,,,,,,,,,,,,,,,,,,,,,,,,,,,,,,,,,,,,,,,,,,,,,,,,,,,,,,,,,,,,,,,,,,,,X,,X,,,,,,,,,,,,,,,,,,,,,,,,,,,,,,,,,,,,,,,,,,,,,,,,,,,,,,,,,
576927,,,,,,,,,,,,,,,,,,,,,,,,,,,,,,,,,,,,,,,,,,,,,X,,,,,,,,,,,,,,,,,,,,,,,,,,,,,,,,X,,,,,,,,,,,,,,,,,,,,,X,,,,,,,,,X,,,,,,,,,,,,,,,,,,,,,,,,,,,
2700790,,,,,X,,,,,,,,,,,,,,,,X,,,X,,,,,,,,,,,X,,,,,,,,,,,,,,,,,,,,,,,,,,,,,,,,,,,,,X,,,,,,,,,,,X,X,,X,X,,,,X,,,,,,,,,,,,,,,X,,,,,,X,,,,,X,,,,X,,X,,,,,,,,,,,
2247273,,,,,,,,,,,,,,,,X,,,,,,,,X,,,,,,,,,,,X,,,,,,,,,,,,,,,,,,,,,,,,X,,,,X,,,,,,,,,,,,,,,,,,X,,X,,,,,,,,X,,,,,,,,,,,,,,,,,,X,,,,,,X,,,,,X,,,,,,,,,,,,,,
1824008,,,,,X,,,,,,,,,,,,X,,X,,,,,X,,,,,X,,,,,,,X,,,,,,,,,,,,,,,,,,,,,,,,,,,,,,,,,,,,,,,,,X,,,,,,,,,X,,,,,,,,,,,,,,,,,,,,,,,,,,,,,,,,,,,,,,,,,,,,,,,,
1590327,,,,,,,,X,,,,,,,,,,,,,,,,,,,,,,,,,,,,,X,,,,,,,,,,,,,,,,,,,,,,,,X,,,,,,,,,,,X,,,,,,,,,,,,,,,,,,,,,,,,,,,,,,,,,,,,,,,,,,,,,,,,,,,,,,,,,,,,,,
2204371,,,,,,,,,,,,,,,,,,,,,,,,,,,,,,,,X,,,,,,,,,,,,,,,,,,,,,,,,,,,,,,,,,,,,,,,,,,,,,,,,,,,,,,,,,,,,,,,,,,,,,,,,,,,,,,,,,,,,,,,,,,,,,,,,,,,,,,
653468,,,,,,,,,,,,,,,,,,,,,,,,X,,,,,,,,,,,,,,,,,,,,,,,,,,,,,,,,,X,,,,,,,,,,,,,,,,,,,,,,,,,,,,,,,,,,X,,,,,,,,,,,,,,,,,,,,,X,,,,,,,,,,,X,,,,,,,,,,,
185575,,,,,,,,,,,,,,,,X,,,,,,,,X,,X,,,,,,,,,,,,,,,,,,,,,,,,,,,,,,,,,,,,,,,,,,,,,,,,,,,,,,,,,,X,,,,,,,,,,,,,,,,,,,,,,,,,,,,,,,,,,,,,,,X,,,,,,,,,,,
1184798,,,,,,,,,,,,,,,,,,,,,,,,X,,X,,,,,,,,,,,,,,,,,,,X,,,,,,,,X,,,,,,,,,,,,,,,,,,,,,,,,X,X,X,,,,,,,,,X,,,,,,,,,,,,,,,,,,,,,,,,X,,,,,,,,,,,X,,,,,,,,,,,
2925902,,,,,,,,,,,,,,,,,,,,,,,,X,,,,,,,,,,,,,,,,,,,,,,,,,,,,,,,,,,,,,,,,,,,,,,,,,,,,,,,,,,,X,,,,,,X,,,,,,,,,,,,,,,,,,,,,,,,,,,,,,,,,,X,,,,,,,,,,,
331054,,,,,,,,,,,,,,,,,,,,X,X,X,,,,,,,,,,,,,,,X,,,,X,,,,,,,,,,X,,,X,,,,,,,,,,X,,,X,,,,,,,,,,X,X,,,,,,,,,,X,,,,,,,,,,,,,,,,,,,X,X,,,X,X,,,,,,,,,,,,,,,,,,,,,,
191028,,,,,,,,,,,,,,,,,,,,,,,,X,,,,,,,,X,,,,,,,,,,,,,,,,,,,,,,,,,,,,,,,,,,,,,,,,,,,,,,,,,,,X,,,,,,,,,,,,,,,,,,,,,,,,,,,,,,,,,X,,,,X,,,X,,,,,,,,,,,
1112856,,,,,,,,,,,,,,,,,X,,,,X,,,,,,,,,,,,,,,,,,,,,,,,,,,X,,,,,,,,,,,,,,,,,,X,,,X,,,,,,,,X,,,,,,X,X,,,,,,,,,,,,,,X,,,,,,,X,,X,,,,,,,,,,,,,,X,,,,,,,,,,X,,,
2085640,,,,,,,,X,,,,,,,,,,,,,,,,,,,,,,,,,,,,X,,,,,,,,,,,,,,,,,X,,,,,,,,,,,,,,,,,,,X,,,,,,X,,,,,X,,,,,,,,,,,,,,,,,,,,,,,,,,,,,,,,,,X,,,,,,X,,,,,,,,,,,
310732,,,,,,,,,,,,,,,,,,,,,,,,,,,,,,,,,,X,,,,,,,,,,,,,,X,,,,X,,,,,,,,,,,,,,,X,,,,,,,,,,,,,,,,,,,,,,,,,,,,,,,,X,,,,,,,,X,,,,,,,,,X,X,,,X,,,X,,,,,,,,,,,
2056393,,,X,,,,,,,,,,,,,,,,,,,,,,,,,,,,X,,,,,,,,,,,,,,,X,,,,,,,,,,,,,,,,,,X,,,X,,,,,,,,,,,,,,,,X,,,X,,,,,X,,,,,,,,,,,,,,,,,,,,,,,,,X,,,,X,,,,,,,,,,,,,,
839003,,,,,,,,,,,,,,,,,,,,,,,,,,,,,,,,,,,,,,,,,,,,,,,,,,,,,,X,,,,,,,,,,,,X,,,,,,,,,,,,X,,,,,,,,,,,,,,,,,,,,,,,,,,,,,X,,,,,,,X,,,,,,,,,,,,,,,,,,,,
2053532,,,,,,,,,,,,,,,,,,,,,,,,X,,,,,,,,,,,,,,,,,,,,,,,,,,,,,,,,,,,,,,,,,,,,,,,,X,,,,,,,,,,,X,,,,,,,,,,,,,X,,,,,,,,,,,,,,,,,,,,,,,,,,,X,,,,,,,,,,,
2997876,,,,,X,,,,,,,,,,,,,,,,,,,X,,,,,,,,,,,,,,X,,,,,,,,,,,,,,,,,,,,,,,,,,,,,,,,,,,,,,,,,,,,,X,,,,,X,,,X,,,,,,,,,,,,,X,X,,,X,,,,,,,X,,,,,X,,,X,,,,,,,,X,,,
2579984,,,,,,,,,,,,,,,,,,,,,,,,,,,X,,,,,,,,,,,,,,,,,,,,,,,,,,,,,,,,,,,,,,,,,,,,,,,,,,,,,,,,,,,,,X,,,,,,,,,,,,,,,,,,,,,,,,,,,,,,,,,,,,,,,,,,,,,,
2018313,,,,,,,,,,,,,,X,,X,,,,,X,,,X,,,,,,,,,,,,,,,,,,X,,,,,,,,,,,,,,,,,,,,,,,,,,,X,,X,X,,,,,,X,,,,,X,,,,,,,,X,,,X,,,,,,,,,,,,,,,,,,,,,,,,,,X,,,,,,,,X,,,,,,
3010298,,,,,,,,,,,,,,,,,,,,,X,,,X,,,,,,,X,,,,,X,,,,,,,X,,,,,,,,,,X,,,,,,,,,,,,,,,,,,,,,,,,,,,,,,,,,,,,,,X,,,,,,,X,,,,,,,,,X,,,,,,,,,,,,,X,,,,,,,,,,,,,,
2815461,,,,,,,,,,,,,,X,,,,,X,,,,,X,,,,,,,,,,,,,,X,,,,,,,,,,,,,,,,,,,,,,,,,X,,,,,,X,,,,,,,,,,,,,,X,,,,,,,,X,,,,,,,,,,X,,,X,,,,,,,,,,,X,X,X,,,,,,,,,,,,,,,,,
225659,,,,,,,,,,,,,,,,,,,,,,,,,,,,,,,,,,,,,,,,,,,,,,,,,,,,X,,X,,,,,,,,,,,,,,,,,,,,,,,,,,,,,,,,,,,,,,,,,,,,,X,,,,,,,,,,,,,,,,,,,,,,,,,,,,X,,,,,,,
2154275,,,,X,,,,,,,,X,,,,,X,,,,X,,,X,,,,,,,,,X,,,X,,,X,,,,,,,,,,,,,,X,X,,,,,,,,,X,,,,X,,,,,X,,,,,X,X,,,,,X,,,X,,X,X,,,,X,,X,X,,,,,,,,,,X,X,X,,,,,,X,,,,,,,,,X,,,,,,,,,,,
2827212,,,,,,,,,,,,,,,,,,,,,,,,X,,,,,,,X,,,,,,,,,,,,,,,,,,,,,,X,,,,,,,,,,,,,,,,,,,,,,,,X,,,,,,X,X,,,,,,,X,X,,,,,,X,,,,,,,,,,,,,,,,,,,,,,,,,,,,,,,,,,,,
396211,,,,,,,,,,,,,,,,,,,,,,,,,,,,,,,,,,,,,,,,,,,,,,,,,,,,,,,,,,,,,,,,,,,X,,,,,X,,,,,,,,,,,,,,,,,,,,,,,,,,,,,,,,,,,,,,,,,,,X,,X,,,,X,,,,,,,,,,,,,
3095713,,,,,,,,,,,,,,,,,,,,,,,,X,,,,,,,,,,,,,,X,,,,,,,,,,,,,,,,,,,,,,,,,,,,,,,,,,,,,,,,,,,,,,,,,,,,,X,,,,,,,,,,,,,,,,,,,,,,,,X,,,,,,X,,,,,,,,,,,,,
1647276,,,,,,,,,,,,,,,,,,,,,,,,,,,,,,,,,,,,,,,,,,,,,,,,,,,,,,,,,,,,,,,,,,,,,,,,,,X,,,,,,,,,,,,,,,,,,,,,,,,,,,,,,,,,X,,,,,,,,,,,,,,,,,,,,X,,,,,,,
1460188,,,,,,,,,,,,,,,,,,,,,,,,,,,,,,,,,,,,,,,,,,,,,,,,,,,,,,,,,,,,,,,,,,,,,,,,,,,,,,,,,,,X,,,,,,,,,,,,,,,,,,,,,,,,,,,,,,,,X,,,,,,,,,,,,,,,,,,,
2445631,,,,,,,,,,,,,,,,,,,,,X,,,,,,,,X,,,,,,,,,,,,,,,,,,,,,,,,,,,,,,,,,,,,,,,,,,,,,,,,,,,,,,,X,,,,,,,,,,X,,,,,,,,,,,,,,,,,,,,,,,,,,X,,,,,,,,,,,,,,
2605046,,,,,,,,,,,,,,,,,,,,,,,,,,,,,,,,,,,,,,,,,,,,,,,,,,,,,X,,,,,,,,,,,,,,,,,,,,,,,,,,,,,,,,,,,,,,X,,,,,,,,,,,,,,,,,,,,,,,,,X,,,,,,,,,,,,,,,,,,
319689,,,,,,,,,,,,,,,,,,,,,,,,,,,,,,,,,,,,,,,,,,,,,,,,,,,,,X,,,,,,,,,,,,,,,,X,,,,,,,,,,,,,,X,X,,,,,,,,,,,,,,,,,,,,,,,,,,,,,,,,,,,,,,,,,,,,,,,,,,
706859,,,,,,,,,,,,,,,,,,,,,,,,,,,,,,,,,,,,,,,,,,,,,,,,,,,,,,X,,,,,,,,,,,,,,,X,,,,,,,,,,,,,,,,,,,,,,,,,,,,,,,,,,,,,,,,,,,,,,,,,,,,,,,,,,,,,,,,,
452683,,,,,,,,,,,,,,,,,,,,,,,,,,,,,,,,,,,,,,,,,,,,,,,,,,,,,,,,,,,,,,,,,,,,,,,,,,,,,X,,,,,,,,,,,,,,,,,,,,,,,,,,,,,X,,,,,,,,,,,,,,,,,,,,,,,,,,,,
2689018,,,,,,,,,,,,,,,,,,,,,,,,,,X,,,,,,,,,,,,,,,,,,,,,,,,,,,,,,,,,,,,,,,,,,,,,,,,,,,,,,,,,,,,,,,,,,,,,,,,,,,,,,,,,,,,,,X,,,,,,,,X,,,X,,,,,,,,,,,
3053561,,,,,,,,,,,,,,,,,,,,,,,,X,,,,,,,X,,,,,,,,,,,,,,,,,,,,,,,,,,,,,,,,,,,,,,,,,,,,,,,,,,,,,,,,,,,,,,,,,,,,,,,,,,,,,,,,,,,,,X,,,,X,,,,,,,,,,,,,,
1477674,,,,,,,,,,,,,,,,,,,,,,,,X,,X,,,,,,,,,,X,,,,,,,,,,,,,,,,,X,,,,,,,,,,,,,,,,,,,,,,,,,,,,,,X,,,,,,,,,,,,,,,,,,,,,,,,,,,,,X,,,,,,,,,,,,,,,,,,,,,,
800065,,,,,,,,,,,,,,,,,,,,,X,,,X,,,,,,,,X,,,,,,,,,,,,,,,,,,,,,,,,,,,,,,,,,,,,,X,,,X,,,,,,,X,,X,,X,X,,X,,X,,,X,,X,,,X,,X,,,,,,X,,,,X,,,,,,,X,,,,,X,,,X,,,,,,,,,,,
2127895,,,,,,,,,,,,,,,,,,,,,X,,X,X,,,,,,,,,,,,,X,,,,,,,,,,,,,X,,,,,,,,,,,,,X,,,,,,,,,,,,,X,,,,,,,,,,,,,,,,,,,,,,,,,,,,,,,,,,,,,,,X,,X,,,X,,,,,,,,,,,,,,
1021679,,,X,,,,,,,,,,,,,,,,,,,,X,X,,,,,,,X,,,,,,,,,,,,,,X,,,X,,,,,,,,,,,,,,,,,,,,,,,,,,,,,,,,,,,X,X,,,,X,,,X,,,,,,,X,,,,,,,,,X,,,,,,,,,X,,,,X,,,X,,,,,,,,,,,
2487770,,,,,,,,,X,,,,,,,,,,,,,,,,,,,,,,,,,,,,X,,,,,,,,X,,,,,,,,,,,,,,,,,,,,X,,,,,,,,,,,,X,,,,,,,,,,,,,,,,,,,,,,,,,,,,,,,,,,,,,,,,,,,,,,,,,,,,X,,,,,
2794571,,,,,,,,,,,,,,,,,,,,,,,,,,,,,,,,,,,,,,,,,,,,,,,,,,,,,,,,,,,,,,,,,,,,,,,,,,,,,X,,,,,,,,,,,,,,,,,,,,,,,,,,,,,,,,,,,,,,,,,,,,,,,,,,,,,,,,,
846295,,,,,,,,,,,,,X,,,,,,,,,,,X,,,,,,,,,,,,,,,,,,,,,,,,,,,,,,,,,,,,,,,,,,,,,,,,,,,,,,,,,,,,,,X,,,,,X,,,,,,,,,,,,,,,,,,,,,,,,,,,,,,,,X,,,,,,,,,,,
767622,,,,,,,,,,,,,,,,,,,,,,,,X,,,,,,,,,,,,,,,,,,,,,,,,,,,,,,,,,X,,,,,,,,,,,,,,,,,,,,,,,,,,X,X,,X,,,,,,,,,,,,,,,,,,,,,,,,,,X,,,,,,,,X,,,,,,,,,,,,,,
1107474,,,,,,,,,,,,,,X,,,,,,,X,,,X,,,,,,,,,,,,,,,,,X,,,,,,,,,,,,,,,,,,,,,,,,,X,,,X,,,,,,,,,,,X,,,X,,,,,,,,,,X,,,,,,,,,,,X,,X,,X,,X,,,,,,,,,,X,,,,,,,,X,,,X,,,
3368336,,,X,,,,,,,,,,,,,,,,,,,,X,X,,,,,,,,,,,,,,,,,,,,,,,,,,,,,,,,,,,,,,,,,,,,,,,,,,,,,,,,,,,,X,,,,,,,,,,,,,,,,,,,,,,,X,X,,,,,,,X,,,,,,,,X,,,,,,,,,,,
3174434,,,,,,,,,,,,,,,,,,,,,,,,,,,,,,,,,,,,,,,,,,,,,,,,,,,,,,,,,,,,,,,,,,,,,,,,,,,,,,,,,,,,,,,,,,,,,,,,,,,,,,,,,,,,,,,,,,,X,,,,,,,,,,,,,,,,,,,
2837971,,,,,,,,,,,,,,,,,,,,,X,,,X,,,,,,,,,,,,,,,,,,,,,,,,,,,,,,,,,,,,,,,,,,,,,X,,,,,,,,,,,,X,,X,,,,,,,,,,,,,,,,,,,,,,,,,,,,,,,,,,,,,,,,,,,,,,X,,,,,
2715728,,,,X,,,,,,,,,,,,,,,,,,,,,,,,,,,,,,,,,,,,,,,,,,,,,,,,,,,,,,,,,,,,,,,,,,,,,,,,,,,,,,,,,,,,,,,,,,,,,,,,,,,,,,,,,X,,,,,,,,,,,,,,,,,,,,,,,,,
1753949,,,,,,,,,,,,,,,,,X,,,,,,,X,,,,,,,,,,,,,,,,,,,,,,,,,,,,,,X,,,,,,,,,,,,,,,,,,,,,,,,,,,,,,,,,,,,,,,,,,,,,,,,,,,,,X,,,,,,,,X,X,,,,,,,,,,,,,,,,,,
1230156,,,,X,,,,,X,,,,,X,,,,,,,,,,,,,,,,,,,,,,,,X,,,,,,,,,,,,,,,,,,,,,X,,,,,,,,,,,,,,,,,,X,,X,,,,,,,,,,,,,,,,,X,,,,,,,,,,,,,,,,X,,X,,,,,,,,,,,,,,,X,,X,,,
732493,,,,,,,,,,,,,,,,,,,X,,,,X,X,,,,,,,,,,,,,,,,,,X,,,,,,,,,,,,,,,,,,,,,,,,,X,,,,,,,,,,,,,,,,X,,,,,,,,,,,,,X,,,,,,,,,,,,,,,,,,,X,,,,,,,,X,,,,,,,,X,,,
1033312,,,,,,,,,X,,,,,,,X,,,X,,X,,,X,,,,,,,X,X,,,,,,,,,,,,,,,,,X,,X,,X,,,,,,,,,,,,,,,,,,,X,,,,,X,,,,X,,X,X,,X,,,,,,,,,,,,,,,,,,,,X,,,,,,X,,,X,,,,,,,,X,,,,,X,X,,X,,,
884547,,,,,,,,,,,,,,,,,,,,,,,,,,,,,,,,,,,X,,,,X,,,,,,,,,,,,,,,,,,,,,,,,,,,,,,,,,,,,,,,,,,,,,X,,,,,,,,,,,,,,,,,,,,,,,X,,,,,,,,,X,,,,X,,,X,,,,,,,,,,,
3183653,,,,,,,,,,,,,,,,,,,,,X,,,X,,,,,,,,,,,,,X,,,,,,,,,,,,,,,,,,,,,,,,,,,,,,,,,,,,,,,,X,,X,,,,,,,,,,,,,,,,,,,X,,,,,,,,,,,,,,X,,,,X,,,,,,,X,,,,,,,,,,,
1338746,,,,,,,,,,,,,,,,,,,,,X,,,X,,,,,,,,X,,,,,,,,,,,,,,,,,,,,,,,,,,,,,,,,,,,,,,,,,,,,,,,,,,,X,X,,X,,,,,X,,,,,,,,,,,,,,,,,,,,,X,,,,,,,,,,,,,,,,,,,X,,,
494362,,,,,,,,,,,,,,,,,,,,,X,,,X,,,,,,,,,,,,,,,,,,,,,,,,,,,,,,,,,,,,,X,,,,,,,,,,,,,,,,,,,,,,,X,,,,,,,,,,,,,,,,,,,,,,,,,,,X,X,,,,,X,,,X,X,,,,,,,,,,,,,
719695,,,,,,,,,,,,,,,,X,X,,,,,,,X,,,,,,,,,,,,,,,,,,,,,,,,,,,,,X,,,,,,,,,,,,,,,,,,,,,,,,,X,,,,,X,X,,X,,,,,,,,,,,,,,,,,,,X,,,,X,,,X,,,,,,,,X,,,X,,,,,,,,,,,
848268,,,,,,,,,,,,,X,,,,,,,,X,,,X,,,,,,,,,,,,,,,,,,,,,,,,,,,,,,X,,,,,,,X,,,,,,,X,,,,,,,,,,,X,,X,,X,,,,,,,,,,,,,,,,,,,,,,,,,,,,,,,,,,,,,,,,,,,,,,,,X,,,
3327068,,,,,,,,,,,,,X,,,X,,,,,X,,,X,,,,,,,,,,,,,,,,,,,,,,,,,,,,,,,,,X,,,,,,,,,,,,,,,,,,,,X,X,,,,,X,,,,,,,,X,,,,,,,X,,,,,,,,,X,,,,,X,,,X,X,X,,,,,,X,,,,,,,,X,,,
1990124,,X,,,,,,,,,,,,,,,,,,,,,,,,,,,,,,,,,,X,,,,,,,,,,,,,,,,,,,,,,,,,,,,,,,,,,,,,,,,,,,,,,,X,,,,,,,,,,,,X,,,,,,,,,,,,,,,,,,,,,,,,,,,,,,,,,,,,,,,
1353591,,,,,,,,,,,,,,,,,,,,,,,,,,,,,,,,X,,,,,,,,,,,,,,,,,,,,,,,,,,,,,,,,,,,,,,,,,,,,,,,,,,,,,,,,,,,,,,,,,,,,,,,,,,,,,,,,,,,,,,,,,,,,X,,,,,,,,,,X
3312055,,,,,,,,,,,,,,,,,,,,,,,,X,,,,,,,,,,,,,,,,,,,,,,,,,,,,,,,,,,,,,,,,,,,,,,,,,,,,,,,,,,,X,,,,,,,,X,X,X,,,,,,,,,,,,,,,,,,,,,,,,,,,X,,,,,,,,,X,,,,,
1730946,,,,,,,,,,,,,,,,,,,,,,,,X,,,,,,,X,,,,,X,,,,,,,,,,,,,,X,,X,X,,,,,,,,,,,,,,,,,,,,,,,,X,X,,,,,,,,,,,,,,,,X,,,,X,X,,,,,,,,X,,,,,X,,,X,,,,,X,,,,,,,,,,,,,,
794774,,,,,,,,,,,,,,,,,,,,,X,,,X,,,,,,,,,,,,,,,,,,,,,,,,,,,,,X,,,,,,,,,,,,,,,,,,,,,,,,X,,,,,,,X,,,,,,,X,,X,,,,,,,,,,,,,,,X,,,,,,,X,,,,,X,,,,,,,,,,,,,,
2809547,,,,,,X,,,,,,,X,,,X,,,,,,,X,X,X,,,,,,X,,,,,,,,,,,,,,,,,,,,,X,,,,,,,,,,,X,,,,X,,,,,,,X,,,,,,,,,X,,,,,,,,X,X,,,,,,,,,,,,,,,,,,,,,,,,,,,,,,,X,,,,,,,,,,,
2377959,,,,,,,,,,,,,,,,X,,,,,,,,,,,,,,,,X,,,,,,,,,,,,,,,,,,,,,,,,,,,,,,,,,,,,,,,,,,,,,,,,,,,,,,,,,,,X,,,,,,,,,,,,,,,,,,,,,,,,,,X,,,,,,,,,,,,,,,,,
1260501,,,,,,,,,,,,,,,,,,,,,,,,X,,,,,,,,,,,,,,,,,,,,,,,,,,,,,,,,,,,,,,,,,,,,,,,,,,,,,,,,,,,,X,,,,,,,,,,,,,,,,,,,,,,,,,,,,,,,,,,,,,,,,,,,,,,,,,,
543611,,,,,,,,,X,,,,,,,,,,,,,,,X,,,,,,,,,,,,,,,,,,,,,,,,,,,,,,,,,,,,,,,,,,,,,,,,,,,,,,,,,,,,,,,,,,,X,,,,,,,,,,,,,,,,,,,,,,,,,X,,,,,,,,,,,,,,,,,,
1616284,,,,,,,,,,,,,,,,,,,,,,,,X,,,,,,,,X,,,,,,,,,,,,,X,,,,,,,,,,,,,,,,,,,,,,,,,,,,,,,,,,,,,,,X,,,,,,,,,,,,,,,,,,,,,,,,,,,,,,,,,,,,X,,,X,,,,,,,,,,,
674550,,,,,,,,,,,,,,,,,,,,,,,,,,X,,,,X,,,,,,,,,,,,,,,,,,,,,,,,,,,,,,,,,,,,,,,,,,,,,X,,,,,,,,,,,,,,,,,,,,,,,,,,,,,,,,,,,,,,,,X,,,,,X,,,,,,,,,,,,,,
1816627,,,,,,,,,,,,,,,,,,,,X,,,,,,,,,,,,,,,,,,,,,,,,,,,,,X,,,,,,X,,,,,,X,,,,,,,,,,,,X,,,,,,,,,,X,,,,,,,,,,,,,,,,,,,,,,,,X,,,,,,,,,,,,,,,,,,,,,,,,,,,
2478020,,,,,,,,,,,,,X,,,,,,,,X,,,X,,,,,,,X,,,,,,,,,,,,,,,,,,,,,,,,,,,,,,,,,,,,,,X,,,,,,,,,,,,,,,,,,,,,,X,,,,,,,,,,,,,,,,,,,X,,,,,,,,,,,X,,,,,,,,,,,,,
1400820,X,X,,,,,,,,,,,,,,,,,,,,,,X,,X,,,,,X,,,,,,,,,,,,,,X,,,,,,,,,,,,,,,,,,,,,,,,,X,,,,,,,,,,,,,X,X,,X,X,,,,,,,,,,,,,,,,,,,,,,,,,,,,X,,,,,X,X,,X,,,,,,,,,,,
1935133,,,,,,,,,,,,,,,,,,,,,X,,,,,,,,,,,,,,,,,X,,,,,,,,,,,,,,,,,,,,,,,,,,,,,,,,,,,,,,,,,X,,,,,,,,,,,,,,,,,,,,,,,,,,,X,,,,,,,,,,,,,,,,,,,,,,,X,,,,,
1505128,,,,,,,,,,,,,,,,,,,,,,,,,,,,,,,,,,,,,,,,,,,,,,,,,,,,,,,,,,,,,,,,,,,,,,,,,,,,,,,,,,,X,,,X,,,,,,,,,,,,,,,,,,,,X,,,,,,X,,,,,,,,,,,,,,,,,,,,,,
2689462,,,,,,,,,,,,,,,,,,,,,,,,,,,,,,,,,,,,,,,,,,,,,,,,,,,,,X,X,,,,,X,,,,,X,,,,,,,,X,,,,,,,,,,,,,,,,,,,,,,,X,,,,,,,,,,,,X,,,,,,,,,,,,,,,,,,,,,,,,,,,
1424461,,,,,,,,,,,,,,,,X,,,,,,,,X,,,,,,,,,,,,,,,,,,,,,,,,,,,,,,,,,,,,,,,,,,,,,,,,,,,,,,,,,,,X,,,,,X,,,X,,,,,,,,,,,,,,,,,,,,,,,,,,,,,,,,,,,,,,,,,,,
1636968,,,,,,,,X,,,,,,,,,,,,,,,,X,,,,,,,,,,,,,,,,,,,,,,,,,,,,,,,,,,,,,,,,,,,,,,,,,,,,,,,,,,,X,X,,,,,,,,,,,,,,,,,,,,,,,,,,,,X,,,,,,,,X,,,X,,,,,,,,,,,
2710145,,,,,,,,,,,,,,,,X,,,,,X,,,X,,,,,,,X,X,,,,,X,,,,,,,,,,,,,,,,X,,,,,,,,,,,,,,X,,,,,,,,,,,,,,,,X,X,,,,,,,,,,,,,,,,,,,,,,,X,,,,,,,,X,,X,,,X,,,X,,,,,,,,,,,
2615224,,,,,,,,,X,,,,,,,,,,,,X,,,,,,,,,,X,,,,,X,,X,,,,X,,,,,,,,,,,,,,,,,,,,,,,,,,,,,,,,,,,,,,,,,,,,,,,,,,,,,,,,,,,,,,,,,,,,,,,,,X,,,,,X,,,X,,,,,,,,X,,,
3028127,,,,,,,X,,,,,,,,,,,,,,,,,X,X,,,,,,X,,,,,,,,,,,,,,,,,,,,,,,X,,,,,,,,,,,,,,,,,,,,X,,,X,,,,,,,,,,,,,,X,,,,,,,,,,,,,,,,,,,,X,,,,,,,,,X,,,,,,,,,,,,,,
132407,,,,,,,,,,,,,,,,,,,,,X,,,X,,,,,,,,,,,,,,,,,,,,,,,,,,,,,,,,,,,,,,,,,,,,,,,,,,,,,,,,,,,X,,,,,,,,,,,,,,,,,,,,,,,,,,,,,X,,,,,,,,,,,X,,,,,,,,,,,
2464494,,,,,,,,,,,,,,,,,,,,,,,,,,,,,,,,,,,,,,,,,,,,,X,,,,,,,,,,,,,,,,,,,,,,,,,,,,,,,,,,,,,,,,,,,,,,,,,,,,,,,,,,,,,,,,,,,,,,,,,,,,,,,,,,,,,,,,,
3257931,,,,,,,,,,,,,,,,,,,,,,,,X,,,,,,,,X,,,,,,,,,,,,,,,,,,,,,,,,,,,,,,,,,,,,,,,,,,,,,,,,,,,X,,,,,,,,X,,X,,,,,,,,,,,,X,,,X,,,,X,,,,,,,,,,,,,,,,,,,,,,
967223,,,,,,,,,,,,,,,,,,,,X,,,X,X,,,,,,,,,,,,,,,,,,,,,,,,,,,,,,,,,,,,,,,,,,,,,,,,,,,,,,X,,,,,X,,,,,X,,,X,,,,,X,,,,,,,,,,,,,,,,,,,X,,,,,,,,X,,,,,,,,,,,
577164,,,,,,,,,,,,,,,,,,,,,,,,,,,,,,,,X,,,,,,,,,,,,,,,,,X,,,,,,,,,,,,,,,,,,,,,,,,,,,,,,,,,,,,,,,,,,,,,,,,,,,,,,,,,,,,,,,,,,,,,,,,,,,,,,,,,,,,,
3124943,X,,X,,,,X,,,,,,,,,,,,,,X,,,X,,,,,,,,X,,,,,,,,,,,,,,,,,,,,,,,,,,,,,,,,,,,,,,,,,,,,,,,,,X,,X,,,,,,,,,,,,,,,,,,,,,,,,X,,,,,,,,,,,,,,,,,,,,,,,,,,,
2090473,,,,,,,,,,,,,,,,,,,,,,,,,,,,,,,,,,,,,X,,,,,,,,,,,,,,,,,X,,,,,,,,,,,,,,,,,,,,,,,X,,,,,,,,X,,,,,,,,,,,,,,,,,,,,,,,,,,,,,,X,,,,,,,,,,,,,,,,,,,
2101231,,,,,,,,,,,,,,,,,,,,,X,,X,X,,,,,,,,,,,,,,,,,,X,X,,,,,,,,,,,,,,,,,,,,,,,,,,,,,,,,,,,,,,,,X,X,,,,,,,X,,,,,,,,,,,,,,,,,,,,,X,,,,X,,,,X,,,,,,,,,X,X,,,,
1107033,,,,,,,,,,,,,,,,,,,X,,X,,,,,,,,,,,,,,X,X,,,,,,,,,,,,,,,,,,,,,,,,,,,,,,,,,,,,,,,,,,,,,,,X,,,,,,,,,,X,,,,,,,,,,,X,,,,,,,,,,,X,,,,,,,,X,,,,,,,,X,,,
151633,,,,,,,,,,,,,,,,,,,,,,,,,,,,,,,,,,,,,X,,,,,,,,,,,,,,,,,,,,,,,,,,,,,,,,,,,,,,,,,,,,,,,,,,,,,,,,,,,,,,,,,,,,,,,,,,,,,,,,,,X,,,,,,,,,,,,,,,
795079,,,,,,,,,,,,,X,,,,,,,,X,,,X,,,,,,,,,,,,,,,,,,,,,,,,,,X,X,,X,,,,,,,,,,,,,,X,,X,,,,,,X,,,,,,,,,,,,,,,,,,,,,,,,,,,,,,,,X,,,,,X,,X,X,,,,,,,,,,,,,,,,,,,
498528,,,,,,,,,,,,,,,,X,,,,,,,,X,,,,,,,,X,,,,X,,,,,,,,,,,,,,,,,,,,,,,,,,,,,,,,,,,,,,,,,,,,,,,X,,,X,,,,,,,,,,,,,,,,,,,,,,,,,,,,,,,,,,,,,X,,,,,,,,,,,
45694,,,,,,,,,,,,,,,,,,,,,,,,,,,,,,,,,,,,,,,,,,,,,,,,,,,,,,,,,,,,,,,,,,,,,,X,,,,,,,,,,,,,,,,,,,,,,,,,,,,,,,,,,,,,,,,,,,,,,,,,,,,,,,,,,,,,,,,
1348204,,,,,,,,,,,,,,,,,,,,,X,,X,X,,,,,,,,,,,,,,,,,,,,,,,,,,,,X,,,,,,,,,,,,,,,X,,,,,,,,,,,,,,,,X,,,,,,,,,,X,,,,,,,,,,,,X,,X,,,,,,,,,,,,,,,,X,,,,,,,,X,,,
1478834,,,,,,,,,,,,X,,,,X,X,,,,X,,,,,,,,,,,,,,,X,,,,,,,,,,,,,,,,,,,,,,,,,,,,,,,X,,,,,,,,,,,,,,,,X,,,X,,,,,,,,,,,,,,,,,,,,,,,,,,,,,X,,,,,,,,X,,,,,,,,,,,
1567379,,,,,,,,,,,,,,,,,,,,,,,,X,,X,,,,,X,,,,,,,,,,X,,,,,,,,,,,,,X,,X,,,,,,,,,,,X,,,,,,,,,,,X,,,,,,X,,,,,,,,,,,,,,,,,,,,,,,,X,,,,,,,X,,,,,,,,,,,,,,,,,,,
1941661,,,,,,,,,,,,,,,,X,,,,,,,,X,,,,,,,X,,,,,,,,,,,,,,,,,,,,,X,,,,,,,,,,,,,,,,,,,,,,,,,,,,,,,X,,,,,,,,X,,,,,,,,,,,,,,,,X,,,,,,,,,,,,,X,,,X,,,,,,,,,,,
291206,,,,,,,,,,,,,,,,,,,,,,,,,,,,,,,,,,,,,,,,,,,,,,,,,,,,,,X,,,,,,,,,,,,,,,,,,X,,,,,X,,,,,,,,,,,,,,,,,,,X,,,,,,,,,,,,,,,,X,,,,,,,,,,,,,,,,,,,,,,
2483603,,,,,,,,,,,,,,,,,,,,,,,,X,,,X,,,,,,,,,,,,,,,,,,,,,,,,,,,,,,,,,X,,,,,,X,,,,,,,,,,,,,,,X,,,X,,X,,,,,,,,,,,,X,,,,,,,,X,,,,,,,,,X,,,,,,,,X,,,,,,,,,,,
1856208,,,,,,,,,,,,,,,,,,,,,,,,,,,,,,,,X,,,,,X,,,,,,X,,,,,,,,,,,,,,,,,,,,,,,,,,,,,,,,,,,,,,,,X,X,,,,X,,,,,,,,X,,,,,,,,,,,,,,,,,,,,X,,,,,,,X,,,,,,,,,,,
1158599,,,,,,,,,,,,,,X,,,,,,,,,,X,,,,,,,,,,,,,X,X,,,,X,,,X,,,,,,,,,,,,,,,,,,,,,,,,,,,X,,,,,,,,,,,,,,,,X,,,X,,,,,X,,,,X,,,,,,,,,,,,,,,,,,,,,,,X,,,,,,,,,,,
269187,,,,,,,,,,,,,,,,,,,,,,,,,,,,,,,,,,,,,,,,,,,,,,,,,,,,,X,X,,,,,,,,,,,,,,,,,,,,,,,,,,,,,,,,,,,,,,,,,,,,,,,,,,,,,,,,,,,,,,,,,,,,,,,,,,,,,,,,
1603541,,,X,,,,,,,,,,,,,,,,,,,,,X,,,,,,,,,,,,X,,,,,,,,,,,,,,,,,X,,,,,,,,,,,,,,,,,,,,,,,,,,,,,,,,,X,,,,,X,,,,,,,,,,,,,,,,X,,,,,,,,X,,,,,,,,X,,,,,,,,,,,
1617524,,,,,,,,,,,,,,,,,,,,,,,,X,,,,,,,X,,,,,,,X,,,,,,,,,,,,,,,,,,,,,,,,,,,,,,,,,,,,X,,,,,,,,,,,,X,,,,,,,,,,,,,,,,,X,,X,,,,,,,,,,,,,,,,X,,,,,,,,,,,,,
2614217,,,X,,,,,,,,,,,,,X,X,,,,X,,,X,,,,,,,,,,,,,,,X,,,,,,,,,,,,,,,,,,,,,,,,,,,,,,X,,,,,,,,,,,,,,X,,,X,,,,,X,,,,,X,X,,,,,,,,,,,,,,,X,,,,,,,,,X,,,,,,,,,,,,,
1843559,,,,,,,,,,,,,,,,,,,,,,,,X,,,,,,,,,,,X,,,,,,,,,,,,,,,,,,,,,,,,,,,,,,,,,,,,,,,,,,,,,,,,X,,,,,,,,,,,,,,,,,,,,,,,,,,,,,,,,,X,,,,X,,,X,,,,,,,,,,,
3179963,,,,,,,,,,,,,,,,,X,,,,X,,,,,,,,,,,,,,,,,,,,,,,,,,,,,,,,,X,,,,,,,,,,,,,,,X,,,,,,,,,,,,,,,,,,X,,,,,,,,,,,,,,,,,,,,,,,,,,,,,,,,,,,,,,,,,,,,,,,
3213638,,,,,,,,,,,,,,,,,,,,,,,,X,,,,,,,,,,,,,,,,,,,,,,,,,,,,,,,,,,,,,,,,,,,,,,,,,,,,,,,,,,,,,,,,,,,,,,,,,,,,,,,,,,,,,,,,,,,,,,,,X,,,,,,,,,,,,,,
1374534,,,,,,,,,,,,X,,,,,,,,,X,,,,,,,,,,,,,,,,,X,,,,,,,,,,,,,,,,,,,,,,,X,,,,,,X,,,,,,,,,,,X,X,,,,,,,,,X,,,,,X,,,,,,,,,,,,,X,,,,,,,,,,,,,,,,,,,,,,,,,,,,
3367576,,,,X,,,,,,,,,,,,,,,X,,X,,,X,,,,,,,,,,,,X,,,,,,,X,,,,,,,,X,,,,,,,,,,,,,,,,,,,,,,,,,,,,,,,,X,,,,,,,,,,,,,X,,,,,,,,,,X,X,X,,,,,,,X,,,,,X,X,,,,,,,,X,X,,,,
388100,,,,,,,,,,,,,,,,,,,,,,,,X,,,,,,,,,,,X,,,,,,,,,,,,,,,,,,X,,,,,,,,,,,,,,,,,,,,,,,,,X,,,,,X,X,,X,,,,,,,,,,,,,,,,,,,,,,,,,,,,,X,,,,,X,,,,,,,,,X,,,,,
464950,,,,,,,,,,,,,,,,,,,,,,,,,,,,,,,,,,,,,,,,,,,,,,,,,,,,,,,,,,,,,,,,,,,,,,,,,,,,,,,,,,,,,,,,,,,,,,,,,,,,,,,,,,,,,,,,,,,X,,,,,,,,,,,,,,,,,,,
683069,,,,,,,,,X,,,,,,,,,,,,,,,X,,,,,,,,,,,,,,,,,,,,,,,,,,,,,,,,,,,,,,,,,,,,,,,,,,,,,,,,,,,X,,,,,,,,,,,,,,,,,,,,,,,,,,,,,,,,,,,,,,,,,,,,,,,,,,,
2712975,,,,,,,,,,,,,,,,,,,,,,,,X,,,,,,,,,,,,,,,,,,,,,,,,,,X,,,,,,,,,,,,,,,,,,,,,,,,,,,,,,,,,,,,,,,,,,,,,,,,,,,,,,,,,,,,,,,,,,,X,,,,,,X,,,,,,,,,,,
1171453,,,,,,,,,,,,,,,,,,,,,,,,X,,,,,,,,,,,,,,X,,,,,,,,,,,,,,,,,,,,,,,,,,,,,,,,,,,,,,,,,,,,,X,,,X,,,,,,,,,,,,,,,,,,,,,,,,,,,,,,X,,,,,,,,,,,,,,,X,,,
1007055,,,,,,X,,,,,,,,,,,X,,,,,,,,,,,,,,X,,,,,X,,,,,,,,,,,,,,,,,,,,,,,,,,,,,,,,,,,,,,,,,,,,,,,,,,,,,,,,,,,,,,,,,,,,,,,,,,,,,,,X,,,,,,,,,,,,,,,,,,X,
2664224,,,,,,,,,,,,,X,,,,,,,,,,,,,,,,,,,,,,,,,,,,,,,,,,,,,,,,,,,,,,,,,,,,,,,,,,,,,,,,,,,,,,,,,,,,,,,,,,,,,,,,,,,,,,,,,,,,,,,,,,,,,,,,,,,,,,,,,
3179177,,,,,,,,,,,,,,,,,,,,,,,,,,X,,,,,,,,,,,,,,,,,,,,,,,,,,,X,,,,,,,,,,,,,,,,,,,,,,,,X,,,,,,,X,,,,,,,,,,,,X,,X,,,,,,,,,,,,,,,,,,,,,,,,,,,,,,,,,,,,
203324,,,,X,X,,,,,,,,X,,,,,,,,X,,,X,,,,,,,,,,,,,,,,,,,,,,,,,,,,X,X,,,,,,,,X,,,,,,,,,,,X,,,,,,,,,,,,,,,,,X,,,,,,,,X,,,,,,,X,,X,,X,,,,,,,,,,,,,,,,,,,,,,,,,,
3110877,,,,,,,,,X,,,,,,,,,,,,X,,,X,,,,,,,,,,,,,,,,,,,,,,,,,X,,,,,,,,,,,,,,,,,,,,,,,,,,,,,,,,,,X,,,,,,,,,,,,,,,X,,,,,,,,,,,,,,,,,,,,,,,,,X,,,,,,,,X,,,
1250271,,,,,,,,,,,,,,,,,,,,,,,,,,X,,,,,,,,,,,,,,,,,,,,,,,,,,,,,,,,,,,,,,,,,,,,,,,,,,,,,,,,,X,,,,,,,,X,,,,,,,,,,,,,,,,,,,,,,,,,,,,,,,,,,,,,,,,,,,
1617915,,,,,,,,,,,,,,,,X,,,,,,,,X,,,,,,,,,,,,,,,,,,,,,,,,,,,,,,,,,,,,,,,,,,,,,,,,,,,,,,,,,,,X,,,,,,,,,,,,,,,,,,,,,,,X,,,,,,,,X,X,,,,,X,,,,,,,,,,,,,,
2796308,,,,,,,,,X,,,,,,,,,,,,X,,,X,,,,,,,X,,,,,,,X,,,,,,,,,,,,,,,,,,,X,,X,,,,,,,,X,,,,,,,,,,,,,,,,,X,,,,X,X,,,,,,,,,,,,,,,,,,,,,,,X,,,,X,,,,X,,,X,,,,,X,,,X,,,
86653,,,,,,,,,,,,,,,,X,,,,,X,,,X,,,,,,,,X,,,,X,,,,,,,,,,,,,,,,,,,,,,,,,,,,,,,,,,,,,,,,,,,,,,,X,X,,X,,,,,X,,,,,,,,,,,,,,,,,,,,,X,,,,X,,,,X,,,X,,,,,,,,,,,
1017199,,,X,,,,,,,,,,,,,,,,X,,,,,X,X,,,,,,X,,,,,,,,,,,,,,,,,,,,,,,X,,,,,X,,,,X,,,,,,,,,,,,X,,,,,,X,,X,,,X,,X,,,X,,,,,,,,,,,,,,,,X,X,,,,,,X,,X,X,,,,,,X,,,,,,X,,,,,
2648801,,,,,,,,,,,,,,,,,,,,,,,,,,,,,,,,,,,,,X,,,,,,X,,,,,,,,,,,X,,,,,,,,,X,,,,,,,,,,,,,,,,,,,,,X,,X,,,,,,,,,,,,X,,,,,,,,,X,,,,,,,,,,,,,X,,,,,,,,,,,,,,
556742,,,,,,,,,,,,,,,,,,,,,,,,,,,,,,,X,,,,,,,,,,,,,,,,,,,,,,,,,,,,,,,,,,,,,,,,,,,,,,,,,,,,,,,,,,,,X,,,,,,,,,X,,,,,,,,,,,,,,,X,,,,,,,,,,,,,,,,,,,
1822761,,,,,,,,,,,,,,,,,,,,,,,,,,,,,,,,,,,,,,,,,,,,,,,,,,,,,,,,,,,,,,,,,,,,,,,,,,,,,X,,,,,,,,,,,,,,,,,,,,,,,,,,,,,,,,,,,,,,X,,,,,,,,,,,,,,,,,,,
594305,,,,,X,,,,,,,,,,,,,,,,X,,,X,,,,,,,,,,,,,,,,,,,,,,,,,,,,,,,,,,,,X,,,,,,,,,,,,,,,,,X,,,,,,X,,,X,,,X,,,,,X,,,,,,,,,,,,,X,,,,,,,,,,,,,,,,,,,,,,,X,,,,
2241794,,,X,,,,,,,,,,,,,,,,,,,,,X,,,,,,,,,,,,,,,,,,,,,,,,,,,,,,,,,,,,,,,,,,,,,X,,,,,,,,,,,,,,,,,,,,,,,,,,,,,,,,,,,,,,,,,,,,,,X,,,,,,,,,,,,,,,,,,,
2180103,,,,,,,,,,,,,,,,,,,,,,,,X,,,,,,,,X,,,,,,,,,,,X,,,,,,,,,,,,,,,,,,,,,,,,,,,,,,,,,,,,,,,,,X,,,,,,,,,,,,,,,,,,,,,,,,,,,,,,,,,,,,X,,,X,,,,,,,,,,,
298751,,,,,,,,,,,,,,,,,,,,,,,,X,,,,,,,,,,,,,,,,,,,,,,,,,,,,,,,,,,,,,,,,,,,,,,,,X,,,,,,,,,,,,,,,,,,,,,,,,,,,,,,,,,,,X,,,,,,,,X,,,,,,,,X,,,,,,,,,,,
862802,,,,,,,,,,,,,,,,,,,,,X,,,,,,,,,,,,,,,X,,,,,,,,,,,,,,,,,X,,,,,,X,,,,,,,,,,,,,,,,,,,,X,,,,X,,,,,,,,,,,,,,,,,,,,,,,,,,,,,X,,,,,,,,,X,,,,,,,X,,,,,,
1006688,,X,X,,,,,,,,,,,,,,,,,,,,X,X,,,,,,,,,,,,,,,,,,,,,X,,,,,,,,,,,,,,,,,,,,,,,,,,,,,,,,X,X,,,,,,,,,,X,,,,,,,,,,X,,,,,,,,,,,,,,,,,,,,,,,,,X,,,,,,,,,,,
393917,,,,,X,,,,,,,,,,,,,,,,,,,X,,,,,,,,,,,,,,,,,,,,,,,,,,,,,,,,,,,X,,,,,,,,,,,,,,,,,,,,X,,,,,,,,,,,,,,,,,,,,,,,,,,,,,,,,,,,,X,,,,,,X,,X,,,,,,,X,,,,
1007973,,,,,,,,,,,,,,,,,,,,,X,,,,,,,,,,,,,,X,X,X,,,,,,,,,,,,,X,,,,,X,,,,X,,,,,,,,,,,,,X,,,,,X,,,X,X,,X,,,,,,,,,,,,,X,,,,,,,,X,,,,X,,,,,,,,,,,,X,X,,X,,,,X,,,,,,,
3045349,,,,,,,,,X,,,,,X,,,,,X,X,,,,X,,,,,,X,,,,,,,,,,,,,,,,,,,,,,,X,,,,,,,,,,,,,,,,,,,,,,,,,,,,,,X,,,X,,,,,X,,,,,,,,,,,,,,,,,,,,,,,,X,,,,,X,,X,X,,,,,,,,,,,
1437527,,,,,,,,,,X,,,,,,X,,,,,,,X,X,X,,,,,,,,,,,,,,,,,,,,,,,,,,,,,,,,,,,,,,,,,,,,X,,,,,X,,,,,,,,,X,,,,,,,,,,,,,X,,,,,,,,,X,,,,,,,,,,,,,,,,,,X,,,,,,,,,,,
134329,,,,,,,,,,,,,,,,,,,,,,,,,,,,,,,,,,,,,,,,,,,,,,,,,,,,,,,,,,,,,,,,,,,,,,,,,,,,,,,,,,,,,,,,,,,,,,,X,,,,,,,,,,,,,,,,,,,,,,,,,,X,,,,,,,,,X,,,,
1201073,,X,,,,,,,X,,,,,,,,,,,,X,,,,,,,,,,,,,,,,,,,,,,X,,,,,,,,,,X,,,,,,,,,,,,,,,,,,,,,,,,,,,,,,X,,,X,,,,,,,,,,,,,X,,,,,,,,,,,,,,,,,X,,,,,,,,,,,,,,,,,,
1988365,,,,,,,,,,,,,,,,X,,,,,X,,,,,,,,,,,,,,,,,X,,,,,,,,,,,X,,,,,,,,,,X,,,,,,,,,,X,,,,,,,,X,,,,,,X,,,,,,,X,,,,,,X,,,,,,,,,,,,,,,,,,X,X,,,,,,,,X,,,,,X,,,,,,
2097448,,,,,,,,,,,,,,,,,,,,,,,,,,,,,,,,,,,,,,,,,,,,,,,,,,,,X,,,,,,,,,,,,,,,,,,,,,,,,,,,,,,,X,,,,,,X,,,,,,,,,,,,,,,,,,X,,,,,,,,X,,,,,,,,,,,,,,X,,,,,
1925499,,,,,,,,,,,,,,X,,,,,,,X,,,X,,,,,,,,,,,,,,,,,,X,,,,,,,,,,,,,,,,,X,,,,,,,,,,,,,,,,,,,,,,X,,X,X,,X,,,X,,X,,,,,,,,,,,,,,,,,,,,,,,,,,X,,,,,,X,,,,,,X,,,,,
2668421,,,,,,,,,,,,,,,,,,,,,X,,,X,,,,,,,X,,,,,,,,,,,,,,X,,,,,,,,,,,,,,,,,,,,,,,,X,,,,,,,,,,,,,,X,,,,,,,,X,,,,,,,X,,,,,,,,,,,,,,,,,,,,,,X,,,X,,,,,,,,,,,
2912707,,,,,,,,,,,,,,,,,,,,,,,,X,,,,,,,,,,,,,X,,,,,,,,,,,,,,,,,,,,X,,,,,,,,,,,,,,,,,,,,,X,,,,,X,X,,X,,,,,,,,X,,X,,,X,X,,,,,,,,,,,,,,,X,,,,,,,,,,,,,,,,,,,
1683532,,,,,X,,,,,,,,,,,,,,,,,,,X,,,,,,,,,,,,X,,,,,,,,,,,,,,,,,X,,,,,,,,,,X,,,,,,,,,,,,,,,,,,,,X,X,,,,,,,,,,,,,,,,X,,,,,,,,,,,,,,,,X,,,,,,,,,,,,,,,,,,
2041921,,,,,,,,,,,,,,,,,,,,,,,,,,,,,,,,,,,,,,,,,,,,,,,,,,,,,,,,,,,,,,,,,,,,,,,,,,,,,,,,,,,,,,,,,,,,,,,,,,,,,,,,,,,,,,,,,,,X,,,,,,,,,,,,,,,,,,,
3369796,,,X,,,,,,,,,X,,,,,,,X,,X,,,,,,,,,,,,,,,,,,,,,,X,,,,,,,X,,,,,,,,,,,,,,,,,,,,,X,,,,,,,,,,,,,,,,,X,,,,,X,,,X,,,,,,,,,,,X,X,,,,X,,,,,X,,,X,,,X,,,,,,X,,,,,
2659807,,,,,,X,,,,,,,,,,,,,,,,,,X,,X,,,,,,,,,,,X,X,,,,X,,,,,,,,,,,,,,,,,,,,,,,,,,,,,,,,,,,,,,,,,X,,,,,,,,,,,,,,,,,,,,,,,,,,,,,,,,X,,,,,X,,,X,,,,,,,,,,,
2226399,,,,,,,,,,,,,,,,,,,,,,,X,X,,,,,,,,,,,,,,,,,,,,,,,,,,,,,,,,,,,,,,,,,,,,,,,,,,,,,,,,,X,,,,,,,,,,X,,,,X,X,,,,,,,,,,,,,,,,,,,,,,,,,,,X,,,,,,,,,,,
2532285,,,,,,,,,,,,,,,,,,,,,,,,X,,,,,,,,,,,,,,,,,,,,,,,,,,,,,,,,,,,,,,,,,,X,X,,,,,,,,,,,,,,,,,,,,,,X,,,,,,,,,X,,,,,,,,,,,,,,,,,X,,,,,,,,,,,,,,,,,,,
1722751,,,,,,,,,,,,,,,,,,,,,,X,,,,,,,,,X,,,,,,,,,,,,,,,,,,,,,,,,,X,,,,,,,,,,,,,,,,,,,,,,,,,,,,,,,,X,,,,,,,,,,,,,,X,,,,,,,,,,,,,,,,,,,,,,,,,,,,,X,,,
1239171,,,,,,,,,,,,,,,,,,,,,,,,,,,,,,,,X,,,,X,,X,,,,,,,,,,,,,,,,,,,,,,,,,,,,,,,,,,,,,,,,,,,,,,,,,,,,,,,,,,,,,,,,,,,,,,,,,,,,,,,X,,,,,,,,,,,,,,,,,
1295725,,,,,,,,,,,,,,,,,,,,,,,,,,,,,,X,X,,,,,,,X,,,,,,,,,,,X,,,,,,,,,X,X,,,,X,,,,,,X,,,,,,,,,,,,X,,,X,,,,,,,,,,,,,,,,,,,,X,,,X,X,,,,X,,,,,,,,,,,X,,,,,X,,,,,,
288529,,,,,,,,,,,,,,,,,,,,,,,,X,,,,,,,,,,,,,,,,,,,,,,,,,,,,,,,,,,,,,,,,,,,,,,,,,,,,,,,,,,,,,,,,,,,X,,X,,,,,,,,,,,,,,,,,,,,,,,,,,,,X,,,,,,,,,,,,,
3100420,,,,,,,,,,,,,,,,,,,,,X,,,X,,,,,,,,,,,,,,,,,,,,,,,,,,,,,,,,,,,,,,,,,,,,,,,,,,,,,,,,,,,X,,,,,,,,,,,,,,,,,,,,,,,X,,,,,,X,,,,,,,,,,,,,,,,,,,,,,
1824042,,,,,,,,,,,,,,,,,,,,,,,,X,,,,,,,,,,,,,,,,,,,,,,,,,,,,,,,,,,,,,,,,,,,,,,,,,,,,,,,,,,,,,,,,,,,,,,,,,,,,,,,,,,,,,,,,,,,,,,,,,,X,,,,,,,,,,,,
2104977,,,,,,,,,,,,,,,,,X,,X,,,,,,,,,,,,,,,,,,,,,,,,,,,,,,,,,,,,,,,,,,,,,,,,X,,,,,,,,,,X,,,,,,,,,,,X,,,,,,,,,,,,,,,,X,,,,,,,,,,X,X,,,,,,,,X,,,,,,,,,,,
1817083,,,,,,,,,,,,,,,,,,,,,,,,X,,,,,,,,,,,,,,,,,,X,,,,,,,,,,,,,,,X,,X,,,,,,,,,,,,,,,,,,,,,,,,X,,,,,X,,,X,,X,,,,,,,,,,,,,,,,,,,,,,,X,,,,X,,,,,,,,,,,,,,
1275398,,,,,,,,,,,,,,,,X,,,,,,,,X,,,,,,,,,,,X,,,,,,,,,,,,,,X,,,,,,,,,,,,,,,,,,,,,,,,,,,,,,,,X,,X,,,,,,,,,,,,,,,,,,,,,X,,,,,,,,X,,,,X,,,,,,,,,,,,,,,,,,
2937375,,,,,,,,,,,,,,,,,,,,,,,,,,,,,,,,,,,,,,X,,,,,,,,,,,,,,,,,,,,,,,,,,,,,,,,,X,,,,,,,,,X,,,,,,,,,,,X,,X,,,,,,,,,,,,,,,,,,,,,,,,,,,,X,,,,,,,,,,,,,
2925694,,,,,,,,,X,,,,,,,,,,,,,,X,,,,,,,,,,,,,,,,,,,,,,,,,,,,,,,,,,,,,,,,,,,,,,,,,,,,,,,X,,,X,,,X,,,,,,,,,,,,,,X,,,,,,,,,,,,,,,,,,,,,,,,,,,,,,,,,,,,
618932,,,,,,,,,X,,,,,,,X,,,,,,,,,,,,,,,,,,,,,,,,,,X,,,,,,,,,,,,,,,,,,,,,,,,,,,,,,X,,,,,,,X,,,,X,,,,,,,,,,,,,,,,,,,,,,,,,,,,,,,,,,,,,,,,X,,,,,,,,,,,
3243701,,,,,,,,,,,,,,,,,,,,,,,,,,,,,,,,,,,,,X,,,,,,,,,,,,,,,,,,,,,,,,,,,,,,,,,,,,,,,,,,,,,,,,,,,,,,,,,,,,,,,,,,,,,,,,,,,,,,,,,,,,,,,,,,,,,,,,,
644104,,,X,,,,,,,,,,,,,,,,X,,,,,X,,X,,,,,,,,,,,,,,,,,,,,,,,,,,,,,,,,,,,,,,,,,,,,,,,,,,,,,,,,,,,,X,,,,,X,,,,,,,,,,,,,,,,,,,,,,,,,,,,,X,,,,,,,,,,,,,,
2584837,,,,,,,,,,,,,,,,,,,,,,,,X,,,,,,,,X,,,,X,,,,,,,,,,,,,,,,,X,,,,,,,,,,,,,,,,X,,,,,,,,,,,,X,,X,,,,,,,,X,,,,,,,X,,,,,,,,,,X,,,,,,,,,,,,,,X,X,,,,,,,,,,,
2642932,,,X,,,,,,,,,,,,,,,,X,,,,,X,,,,,,,,,,,,,,,,,,,,,,,,,,,,,,,,,,,,,,,,,,,,,,,,,,,,,,,,,,,X,,,,,,,,X,,,,,,,,,,,,,,,,X,,,,,,,,,X,,,,X,,,X,,,,,,,,,,,
2269315,,,,,,,,,,,,,,,,,,,,,,,,X,,,,,,,,,,,,,,,,,,,,,,,,,,,,,,,,,,,,,,,,,,,,,,,,,,,,,,,,,,,X,,,,,,,,,,,,,,,X,,,,,,,,,,,,,,,,,,,,,,,,,,,,,,,,,,,,
2957887,,,,,,,,,,,,,,,,X,,,,,,,,X,,,,,,,X,,,,X,,,,,,,,,,,,,,,,,,X,,,,,,,,,,,,,,,,,,,,,,,,,,,,,,,X,,X,,,,,,,X,,,,,X,,,,,,,,,,,,,,X,,,,,,,,X,,,,,,,,,,,,,,
1670653,,,,,,,,,,,,,,,,,,,,,,,,,,,,,,,,,,,,,,,,,X,,,,,,,,,,,,,,,,,,,,,,,X,,,,,,,,,,,,,,,,,,,,,,,,,,,,,,,,,,,,,,,,X,,,,,,,,,,,,,,,,,,,,,,,,,,,,,,
1582688,,,,,,,,,X,,,,,,,,,,,,,,,X,,,,,,,,,,,,,,,,,,,,,,,,,,,,,,,,,,,,,,,,,,,,,,,,,,,,,,,,,,,X,X,,,,,,,,X,X,,,,,,,,,,,,,,,,,,,X,,,X,,,,,X,,,X,,,,,,,,,,,
2021784,,,X,,,,,,,,,,,,,,,,,,,,,X,,,,,,,X,,,,,,,,,,,,,,,,,,,,,,,,,,,,,,,,,,,,,,,,,,,,,,,,,,,,,,,,,,,,,,,,,,,,,,,,,,,,X,,,,,,,,,,,,,,,,X,,,,,,,,,,,
395877,,,,X,,,,,,,,,,,,,,,,,X,,,X,,,,,,,,,,X,,,,,,,,,,,,,,,,,,,,,,,,,,,,,,,,,,,,,,,,,,,X,,,,,,,X,,,,,,,,,,,,,,X,,,,,,,,,X,,,,,,,,,,,,,,,,X,,,,,X,X,,,,,
2405417,,,,,,,,,,,,,,X,,,,,,,,,,X,,,,,,,,,,,,,X,,,,,,,,,,,,,,,,,,,,,,,,,,,,,,,,,,,,,,,,,,,,,,X,,,,,X,,,X,,,,X,,,,,,,,,,,,,,,,,,,,,,,,,X,,,X,,,,,,,,,,,
2073864,,,,,,,,,,,,,,,,,,,,,X,,,X,,X,,,,,X,,,,,,X,,,,,,,,,,X,,,,,,,,,X,,,,,,,,,,,,,,,,,,,,,,,,,,,X,,,X,,X,,,X,,,,,,,,,X,,,,,,,,,,,,,,,X,,,,,,,,X,,,,,X,,,,,,
341729,,,,,,,,,X,,,,,,,,,,,,X,,,,,,,,,,,,,,,,,,,,,,,,,,,,,,,,,,,,,,,,,,,,,,,,,,,,,,,,,,,,X,,X,X,,,,,,,,,,,,,,,,,,,,X,,,X,,,,,,,,X,,,,,,,,X,,,,,,,,,,,
785076,,,,,,,,,,,,,,,,,,,,,X,,,,,,,,,,,X,,,,,,,,,,,,,,,,,,,,,,,,,,,,,,,,,,,,,,,,,,,,,,,,,,,,,,,,,,,,,,,,,,,,,,,,,,,,,,,,,,,,,,,,,,,,,,,,,,,,,,
2075287,,,,,,,,,,,,,,,,,,,,,,,,X,,,,,,,X,,,,X,,,,,,,,,,,,,,,,,,,,,,,,,,,,,,,,,,,,,,,,,,,,,,,,X,,,,,,,,X,,,,,,,,,,,,,,,,,,,,,,,,,,,,,,,,X,,,,,,,,,,,
2227424,,,,X,,,,,,,,,,,,,,,,,,,,,,,,,,,,,,X,,,,,,,,,,,,,,,,,,,,,,,,,,,,,,,,,,,,,,X,,X,,,,,,,,,,,,X,,,,,,,X,,,X,,,,,,,,,,X,X,,,,,,,,X,,,,,X,,,,,,,X,,,,,,,
2357467,,,,,,,,,,,,,,,,,,,,,,,,X,,,,,,,,,,,,,,,,,,,,,,,,,,,,,,,,,,,,,,,,,,,,,,,,,,,,,,,,,,,X,,,,,,,,,,,,,,,,,,,,,,,,,,,,,,,,,,,,,,,,,,,,,,,,,,,
1242726,,X,,,,,,,,,,,,,,X,,,,,,,,X,,,,,,,,,,,,,,,,,,,,,,,,,,,,,,,,,,,,,,,,,,,X,,,,,,,,,,,,,,,,X,,,,,,,,,,,,,,,,,,,,,,,,,,,,,,,,,,,,,X,,,,,,,,,,,,,,
2209808,X,,,,,,,,,,,,X,,,,X,,,,X,,,X,,,,,,,,,,,,X,,,,,,,,,,,,,,,,,,,,,,,,,,,,,,X,X,,,,,,,,,,,X,,,,,X,,,,,,,,X,,,,,X,,,,,,,,X,X,,X,,,,,,,,X,X,X,,,,,,X,,,,,X,,,,,,
154197,,,,,,,,,,,,,,,,,,,,,,,,,,,,,,,,,,,,,,,,,,,,,,,,,,,,,,,,,,,,,,,,,,,,,,,,,,,,,,,,,,,X,,,,,,,,,,,,,,,,,,,,,,,,,,,,,X,,,,,,,,,,,,,,,,,,,,,,
1770144,,,,,,,,,,,,,,,,,,,,,,,,X,,,,,,,X,,,,,,,,,,,,,,,,,,,,,,,,,,,,,,,,,,,,,,,,,,,,,,,,,,,,,,,,,,,,,,,,,,,,,,,,,,,,,,,,,,,,X,,,,,,,,X,,,,,,,,,,,
693175,,,,,,,,,,,,,,,,,,,,,,,,,,X,,,,,,,,,,,X,,,,,,,,,,,,,,,,,,,,,,,,,,,,,,,,,,,,,,,,,,,,,,,,,,,,,,X,,X,,,,,,,,,,,,,,X,,,,,X,,,,,,,,,,,X,,,,,,,,,,,
1321804,,,X,,,X,,,,,,,,,,,,,,,X,,,X,,,,,,,,,,,,,,X,,,,,,,X,,,,,,,,,X,,,,,,,,,,,,,X,,,,,,,,,,X,X,,,,,X,X,,,,X,,,X,,,,,,,X,,X,,,,,,,,,,,,,,,X,,X,,,,,,X,,,,,,,,,,,
3068072,,,,,,,,,,,,,,,,,,,,,,,,X,,,,,,,,,,,,,,,,,,,,,,,,,,,,,,,,,,,,,,,,,,,,,,,,,,,,,,,,,,,,,,,,,,,,,,,,,,,,,,,,,,,,,,,,,,,,,,,,,,,,,,,,,,,,,,
3411968,,,,,,,,,X,,,,,X,,,,,,,X,,,X,,,,X,,,,,,,,,,X,,,,,,,,,,,X,X,,,,,,,,,,,,,X,,,,X,,,,,,,,,,,,,,,,,X,,,,,,,,,,,,,,,,,,,,,,,,,,,,,,,X,,,,,,,,X,,,,,,,,X,,,
469130,,,,,,,,,,,,,,,,X,,,,,,,,X,,,,,,,,,,,,X,,,,,,,,,,,,,,,,X,,,,,,,,,,,,,,,X,,,,,,,,,,,,,,,,X,,,,,,,,,,,,,,,,,,,,,,,,,,,,,,,,,,,,,,X,,X,,,,,,,,,,,
1090512,,X,,,,,,X,,,,,,,,,,,,,,,,,,,,,,,,,,,,,,,,,,,,,,,,,,,,,,,,,,,,,,,,,,,,,,,,,,,,,,,,,,,,,,,,,,,,,,,,,,,,,,,,,,,,,,,,X,,,X,,,,X,,,,,,,,,,,,,,,
1451093,,,,,,,,,X,,,,,,,X,,,,,X,,,X,,,,,,,,,,X,,,,,,,,,,,,,,,,,,,,,,,,,,,,,,,,,X,,,,,,,,,,,,,,,,X,,,,,,,,,,,X,,,,,,,,,,,,X,,,,,,,,,,,X,,,,,,X,,,,,,,,,,,
41769,,,,,,,,,,,,,,,,,,,,,,,,X,,,,,,,,,,,,,,X,,,,,,,,,,,,,,,X,,,,,,,,,,,,,,,,,,,,,,,,,,,,,,,,,,,,,X,,,,,,,,,,,,,,,,X,,,,,,,,,,,,,,,,,X,,,,,,,,,,,
246928,,,,,,,,,,,,,,,,,,,,,,,,,,,,,,,,,,,,,,,,,,,,,,,,,,,,,,,,,,,X,,,,,,,,X,,,,,X,,X,X,,,,,,,,,,X,,,,,,,,,,X,,,,,,,,,X,,X,X,X,,,,,,,X,,,,,,,,,,,,,,X,,,,,
1856897,,,,,,,,,,,,,,,,,,,,,,,,X,,,,,,,,,,,,,,,,,,,,,,,,,,,,,,,,,,,,,,,,,,,,,,,,,,,,,,,,,,,,,,,,,,,,,,,,,,,,,,,,,,,,,,,,,,,,,,,,X,,,X,,,,,,,,,,,
325542,,,,,,,,,,,,,,,,,,,,,,,,X,,,,,,,,,,,,,,,,,,,,,,,,,,,,,,,,,,,X,,,,,,,,,,,,,,,,,,,,,,,,X,,,,,X,,,,,,,,,,,,X,,,,,,,,,,,,X,,,,X,,,,X,,,X,,,,,,,,,,,
1380262,,,,,,,,,,,,,,,,,,,,,,,,X,,,,,,,,,,,,,,,,,,,,,,,,,,,,,,,,,X,,,,,,,,,,,,,,,,,,,,,,,,,,,,,,,,,,,,,,,,,,,,,,,,,,,,,,,,,,,,,,,,X,,,,,,,,,,,,,
2618435,,,,,,,,,,,,,,,,,,,,,,,,,,,,,,,,,,,,,,,,,,,,,,,,,,,,,,,,,,,,,,,,,,,,,,,,,,,,,,,,,,,,,,,,,,,X,,,,,,,,,,,,,,,,X,,,,,,,,,,,,,,,,,,,,,,,,,,,
256718,,,X,,,,,,X,,,,,,,,,,,,,,,X,,,,,,X,X,,,,,,,,,,,,,,,,,,,X,,,,,,,,,,,,,,,,,,,,,,,,,,,,X,,,,,X,X,,X,,,,,X,,,,,X,,X,,,,,,,X,X,X,,,,,X,,,,X,X,,X,X,X,,X,,,,,,,,,,,
1513767,,,,,,,,,,,,,,,,,,,,,,,,,,,,,,,,,,,,,,,,,,,,,,,,,,,,,,,,,,,,,,,,,,,,,,,,,,,,,,,,,,,,,,,,,,,,,,,,,,,,,,,,,,X,,,,,,,,,,,,,,,,,X,,,,,,,,,,,
2429973,,,,,,,,,,,,,,,,,,,,,,,,,,,,,,,,,,,,,,,,,X,,,,,,,,,,,,,,,,,,,,,,,,,,,,,,,,,,,,,,,,,,,,,,,,,,,,,,,,,,,,,,,,,,,,,,,,,,,,,,,,,,,,,,,,,,,,,
2035375,,,,X,,,,,,,,,,,,,,,,,,,,X,,,,,X,,,,,,,,,X,,,,,,,,,,,,,,,,,,,,,,,,,,,,,,,,,,,,,,,,,X,,,,X,X,,X,,,,,X,,,X,,,,,,,,,,,,X,,,,,,,,,,X,,,,X,,,,,,,,,,,,,,
2139967,,,,,,,,,,,,,,,,X,,,,,,,,,,,,,,,,,,,,,,,,,,,,,,,,,,,,,,,,,,,,,,,,,,,,,,,,,,,,,,,,,,,,,,,,,,,,,,,,,,,,,,,,,,,,,,,,,,,,X,,,,X,,,,,,,,,,,,X,,
99103,,,,X,,,,,X,,,,,,,,,,,,X,,,X,,,,,,,X,,,,,X,X,,,,,,,,,,,,X,,,,,,,,,,,,,,,,,,,,,,,,,,,,,X,,,,,X,X,,,,,,,X,X,,,,,,,,,,,,,,,,X,,,,,,,,,,,,X,,,X,,,,,,X,,,,,
2177416,,,,,,,,,,,,,,,,,,,,,,,,,,,,,,,,,,,,,,,,,,,,,,,,,,,,,,,,,,,,,,,,,,,,,,,,,,,,,,,,,,,,,,,,,,,,,,,,,,,,,,,,,,,,,,,,,,,,,,,,,X,,,,,,,,,,,,,
2908836,,,,,,,,,,,,,,,,,,,,,,,,,,,,,,,,,,,,,,,,,,,,,,,,,,,,,,,,,,,,,,,,,,,,,,,,,,,,,,,,,X,,X,,,,,,,,,,,,,,,,,,,,,,,,,,,,,,,,,X,,,,,,,,,,,,,,,,,,
103323,,,,,,,,,,,,,,,,,,,,,,,,X,,,,,,,,X,,,,X,,,,,,,,,,,,,,,,,,,,,,,,,,,,,,,,,,,,,,,,,,,,,,,X,,,,,,,,X,,,,,,,,,,,,,,,,,,,,,,,,,,,,,,,,,,,,,,,,,,,
2216237,,,,,,,,,,,,X,,,,,,,,X,,,,,,,,,,,,,,,,X,,,,,,,,,,,,,,,X,,,,,,,,,,,,,,,,,,,,,,,,,,,X,,,,,X,,,X,,,,,X,,,,,,,,,,,,,,,,X,,,,,,,,,,,,,,,,,,,,,X,,,,,,
2120450,,,,,,,,,,,,,,,,,,,,,,,,X,,,,,,,,,,,,,,,,,,,,,,,,,,,,,,,,,,,,,,,,,,,,,,,,,,,,,,,,,,,,,,,,,,,X,,,,,,,,,,,,,,,,,,,,,,,,,X,,,,,,,,,,,,,,X,,,,
1535313,,,,,,,,,,,,,,,,,,,,,X,,,,,,,,,,X,,,,,,,,,,,,,,,,,,X,,,,X,,,,,,,,,,,,,,,,,,,,,,,,,X,,,,,X,,,,,,,,,,,,,X,,,,,,,,,,,,,,,,,,,X,,,,,,,,,,,,,,,,,,,
2897427,,,,,,,,,,,,,,,,,,,,,,,,X,,,,,,,X,,,,,,,,,,,,,,X,,,,,,,X,,,,,,,,,,,,,,,,,,,,,,,,X,,X,,,,,X,X,,,,,,,X,,,,,,,,,,,,,,,,,,,,,,,,X,X,,,,,,,X,,,,,,,,,,,
2244369,,,,X,,,,,,,,,,,,,,,,,X,,,X,,,,X,,,X,X,,,,,,X,,,,,,,,,,,,,,,,,,,,,,,,,X,X,,,,,,,,,,,,,,,,,,,X,,,,,,,,,,,,,,,,,,,,,,,,,,,,,,,,,,,,,,,,X,,,,,,,,,,,
3145627,,,,,,,,,,,,,,,,,,,,,,,,X,,,,,,,,,,,,,,,,,,,,,,,,,,,,,,,,,,,,,,,,,,,,,,,,,,,,,,X,,,,,,,,,,X,,,,,,,,,,,,,,,,,,X,,,,,,,,,,,,,,,X,,,,,,,,,,,,,
1098915,,,,,,,,,,,,,,,,,X,,,,X,,,X,,,,,,,X,,,,,,X,,,,,X,,,,,,,,X,X,,,,,,,,X,,,,,,,,,,X,,,,,,,,,,X,,X,,X,,,,,,,,,,,,,,,,,,,,,,,,X,X,,,,,,,X,,,,,,,,,,,,,,,,,,,
3142616,,X,,,,,,,,,,,,,,X,X,,,,,,,X,,X,,,,,X,,,,,X,,,,,,,,,,,,,,X,,,,,,,,,,,,,,,,,,,,,,,,,,,,,,,,,X,,,,,,,,,X,,,,,,,,,,,,,,X,,,,,,,,,,,,,,,,,X,,,,,,,,X,,,
1146667,,,,X,,,,,X,,,,,,,,,,,,,,,X,,,,,X,,X,,,,,,X,,,,,,X,,,,,,,,,,,,,,,,,,,,X,,,,,,,,,,,,,,,,,,X,,,X,,,,,,,,,,,,,,X,,,,,,,,,,,,,,,,,X,,,,,,X,,X,,,,,,X,,,,,
2031822,,,,,,,,,,,,,,,,,,,,X,X,,,X,,,,,,,,,,,X,X,,,,,,,,,,,,,,,,X,,,,,,,,,,,,,,,,,,,,,,,,,,X,,,,,X,,,,,,,,,X,,,,X,,,,,,,,,,,,,,,,,,,,X,,,,,,,X,,,,,,,,,,,
202795,,,,,,,,,,,,,,,,,,,,,,,,X,,,,,,,,X,,,,,,,,,,,,,,,,,,,,,,,,,,,,,,,,,,,,,,,,,,,,,,,,,,,X,,,,,X,,,X,,,,,,,,,,,,,,,,,,,,,,,,,,X,,,,,,X,,,,,,,,,,,
1930941,,,,,,,,,,,,,,,,,,,,,,,,X,,X,,,,,,,,,,,,,,,,,,,,,,,,,,,,,,,X,,,,,,,,,,,,,,,,,X,,,,,,,,,,X,,,,,,,,,,,,,,,,,,,,,,,,,,,,,,,,,,,,X,X,,,,,,,,,,,,,
2251730,X,,X,,,,,,,,,,,,,,,,,,,,,,,,,,,,,,,,,,,,,,,,,,,,,,,,,,,,,,,,,,,,,,,,,,,,,,,,,,,,,,,,,,,,,,,,,,,,,,,,,,,,,,,,,,,,,,,,,,,,,,,,,,,,,,,,,,,
903650,,,,,,,,,,,X,,,,,,,,,X,,,,,,,,,,,,,,,,,,,,,,,,,,,,,,,,,,,,,,,,,,,,,,,,,,,,,,,,,,,,,,,,,,,,,,,,,,,,,,,,,,,,,,,,,,,,,,,,,,,,,,,,,,,,,,,,,,
2680978,,,,X,,,,,,,,,,,,,,,,X,,,,,,,,,,,,,,,,,,,,,,,X,,,,,,X,,X,,X,X,,,,,X,,,,,,,,,,,,X,X,,,,,X,X,,,,,,X,,,,X,,,,,X,,,,,X,X,,,,,,,X,,,,,X,,,,,,,,,,,,X,,,,,X,,,,,,
2178264,,,,,,,,,,,,,,,,,,,,,,,,,,,,,,,,,,,,,,,,,,,,,,X,,,,,,,,,,,,,,,,,,,,,,,,,,,,,,,,,,,,,,X,,,,,,,,,,,,,,,,,,,,,,,,,,,,,,,,,,,,,,,,,,,,,,,,,,
990314,,,,,,,,,,,,,,,,,,,,,,,,,,,,,,,,,,,,,,,,,,,,,,,,,,,,,,X,,,,,,,,,,,,,,,,,,,,,,,,X,,,,,,,,,,,,,,,,,,,,,,,,,,,,,,,,,,,,,,,,,,,,,,,,,,,,,,,,
2151280,,,X,,,,,,,,,,,,,,,,,,,,,X,,,,,,,,,,,,,,,,,,,,,,,,,,,,,,,,,,,,,,,,,,,,,,,,,,,,,,,,,,,X,,,,,,,,,,,,,,,,,,,,,,,,,,,,,,,,,,,,,,X,,X,,,,,,X,,,,,
1081158,,,,,,,,,,,,,,,,,,,,,,,,,,,,,,,,,,,,,,,,,X,,,,,,,,,,,,,X,,,,,,,,,,,,,,,,,,,,,,,,,X,,,,,,,,,,,,,,,X,,,,,,,,,,,,,,,,,,,,X,X,,,,,,,,,,,,,,,,,,,
1499464,,,,,,,,,,,,,,,,,,,,,,,,,,,,,,,,,,,,,,,,,,,,,,,,,,,,,X,,,,,,,,,,,,,,X,,,,,,,,,,,,,,,,X,,,,,,,,,,,,,,,X,,,,,,,,,X,,,,,,,,,,,,,,,,X,,,,,,,,,,,
3325433,,,X,,,,,,,,,,,,,,,,,,,,,,,,,,,,,,,,,,,,,,,,,,,,,,,X,,,,,,,,,,,,,,,,,,,,,,,,,,,X,X,,,,,,,,,,,,,,,,,,,,,,,,,,,,,,,,,,,,,,,,,,,,,,,,,,,,,,,,
881395,,,,,,,,,,,,,,,,,,,,,,,,X,,,,,,,,,,,,,,,,,,,,,,,,,,,,,,,,,,,,,,,,,,,,,,,,,,,,,,,,,,,,,,,,X,,,,,X,,,,,,,,,,,,,,X,,,,,X,,,,,,,,,,,X,,,,,,,,,,,
823453,,,,,,,,,,,,,,,,,,,,,,,,X,,,,,,,X,,,,,,X,,,,,,,,X,,,,,,,X,,,,,,,,,X,,,,,,,,,,,,,,,,,,,,,,X,,,,,X,,,,,,,,,,X,,,,,,,,,,,,,,,,,X,,,,,,,,,,,,,,,,,,,
2127953,,X,,,,,,,,,,,X,,,,,,,,,,,X,,,,,,,,,,,,,,,,,,,,,,,,,,X,,,,,,,,,,,,,,,,,X,,,,,,,,,,X,X,,,,,,,,,,X,,,,,,,,X,,,,,,,,,,,X,,,,,,,,X,,,,,,,,X,,,,,,,,,,,
1934460,,,,,,,,,,,,,,,,,,,,,,,,X,,,,,X,,,,,,,,,,,,,,,,,,,,,,,X,,,,,,,,,,,,,,,,,,,,,,,,,X,,,,,,,,,,,X,,,,,,,,,,X,,,,,,,,,,,,,,X,,,,,,,,X,,,,,,,,,,,,,,
2549170,,,,,,,,,,,,,,,,,,,,,,,,X,,,,,,,,,,,,,,,,,,,,,,,,,,,,X,,,,,,,,,,,,,,,,,X,,,,,,,,,,,,,,X,,,X,,,,,X,,,,,,,,,X,,,,,,,,,,,,X,,,,,,,,,,,X,,,,,,,,,,,
2489463,,,,,,,,,,,,,,,,,,,,,,,,,,,,,,,,,,,,,,X,,,,,,,,,,,,,,X,,,,,,,,,,,,,,,,,,,,,,,,,,,,,,,,,,,,,,,,X,,,,,,,,,,X,,,,,X,,,,,,,,,,,,,X,,,,,,,,,,,,,,
1817392,,,,,,,,,,,,,,,,,,,,,,,,X,,,,,,,,,,,,,,,,,,,,,,,,,,,,X,,,,,,,,,,,,,,,,,,,,,,,,,,,,,,,,,,,,,,,X,X,,,,,,,,,,,,,,,,,,,,,,,,,,,,X,X,,,,,,,,,X,,,,
1706449,,,,,,,,,,,,,,,,,,,,,,,,,,,,,,,,,,,,,,,,,,,,,,,,,,,,,,,,,,,,,,,,,,,,,,,,,,,,,,,,,,,,,,,,,,,,,,,,,,,,,,,,,,,,X,,,,,,,,,,,,,,,,,,,,,,,,,,
2523462,,,,,,,,,,,,,,,,,,,,,X,,,X,,,,,,,X,,,,,,,,,X,,,,,,,,,,,,,,,,,,,,,,,,,,,,,,,,,,,,,,,,,,,,,,,,,,,,,,,,X,,,,,,,,,,,,,,,,,,,,,,,,X,,,X,,,,,,,,,,,
253281,,,,,,,,,,,,,,,,,,,,,,,,X,,,,,,,,,,,,,X,,,,,,,,,,,,,,,,,,,,X,,,,,,,,,,,,,,,,,,,,,,,,,,,,,,,,,,,,,,,,,,,,,,,,,,,,,,,,,,,,X,,,X,,,,,,,,,,,,,,
2780669,,,,,,,,,,,,,X,,,X,,,,,X,,,X,,,,,,,,,,,,,,,,,,,,,,,,,,,,,,,,,,,,,X,,,,,,,,,,,,,,,,,X,,,,,X,X,,,,,,,,,,,,,,,,,,,,,,,X,,,,,,,,X,,,,,X,X,X,X,,,,,,,,X,,,
2958110,,,X,,,,,,,,,,,,,,,,,,,,X,X,,,,,,,X,,,,,,,,,,,,,,,,,,,,,,,,,,X,,,,,,,,,,X,,,,X,,,,,,X,,,,,,,X,,,,,,,X,,,X,,,,,,,,,,,,,X,,,,,,,,X,,,,,X,,,X,,,,,,,,,,,
1873313,,,,,,,,,,,,,,,,,,,X,,,,,X,,,,,,,X,,,,,,,,,,,,,,,,,,,,,,,,,,,,,,,,X,,,,,,,,,,,X,,,,,,,,,X,,,,,,,,,,,,,,,,,,,,,,X,,,,,,,,,,X,X,,,,X,,,,,,,,,,,,,,
3030452,,,,,,,,,,,,,,,,,,,,,,,,,,,,,,,,,X,,,,,,,,,,,,,,,,,,,,,,,,,,,,,,,,,,,,,,,,,,,,,X,,,,,X,X,,,,,,,,,,,,,,X,,,,,,,,,X,X,,,,X,,,,,,,,,,,,,,,,,,,,,,
3100607,,,,,,,,,,,,,,,,,X,,X,,,,X,X,,,,,,,,,,,X,,,,,,,,,,,,,,,,,X,,,,,,,X,,,,X,,,,,,,,,,,,,,,,,,,,X,X,,,,,,,,,,,,,,,,,,,,,,,,,,,,,,,,X,,,,,,,X,,,,,,,,,,,
2536085,,,,,,,,,,,,,,,,,,,,,,,,X,X,,,,,,,,,,,,,,,,,,,,,,,,,,,,,,,,,,,,,,,,,,,,,,,,,,,X,,,,,,,X,,,,,,,,,,,,,,,,,X,,,,,,,,,,,,X,,,,,X,,,,,,,,,,,,,,,,,
1542868,,,,,,,,,,,,,,,,,X,,,,X,,,,,,,,,,,,,,,,,,,,,,X,,,,,,,,,,,,,,,,,,,,,,,,X,,,,,,,,,,,,,,,,,,,,,,,,,,,,,,,,,,,,,,,,,,,,,,,,,,,,,,,,,,,,,,,,,,,
1170688,,,,,,,,,,,,,,,,,,,,,,,,,,,,,,,,,,,,,,,,,,,,,,,,,,,,,,,,,,,,,,,,X,,,,,,,,,,,,,,,,,,,,,,,,,,,,,,,,,,,,,,,,,,,,,,,,,,,,,,,,,,,X,,,,,,,,,,,
1245012,,,,,,,,,,,,,,,,,,,,,,,,,,,,,,,,,,,,,,,,,,,,,,,,,,,,,,,,,,,,,,,,,,,,,,,,,,,,,,,,,,,,,,,,,,,,,X,,,,,,,,,,,,,,,,,,,,,,,,,,,,,,,,,,,,,,,,,
416447,,,,,,,,,X,,,,,,,,,,,,X,,,X,,,,,,,X,X,,,,,,,,,,,,,,,,,,,X,,,,,,,,,,,,X,,,,,,X,,,,,,,,,,,,,,,,,X,,,,,,,,,,X,,X,,,,,,X,X,,X,,,,,,,,,,,,,X,,,,,,,,,,,,,,
817614,,,,,,,,,,,,,,,,,,,,,,,,X,,,,,,,,,,,,,,,,,,,,,,,,,,,,,,,,,,,,,,,,,,,,,,,,,,,,,,,,,,,X,,,,,,,,,,,,,,,,,,,,,,,,,,,,,,,,,,,,,,,,X,,,,,,,,,,,
154811,,,,,,,,,X,,,,,,,,,,,,,,,X,,,,,,X,,,,,,,,,,,,,,,X,,,,,,,,,,,,,,,,,,,,,,,,,,,,,,,,,,,X,,,X,,,,,,,,,,,X,,,,,,,,,,,,,,,X,,,,,,,X,,,,X,,,X,,,,,,,,,,,
2451098,,,,X,,,,,X,,,,,,,X,,,,,X,,,X,,X,,,,,,,,,,,,X,,,,,,,,,,,X,,X,,,,,,,,,,,,,,,,,,X,,,,,,,,,X,,,X,,X,,,,,,,,,,,,,,,,,,,,,X,,,,X,,,,,,,,,X,,,,,,X,,,,,,,,X,,,
2437552,,,,X,,,,,,,,,,,,,,,,,,,,,,,,,,,,,,,,,,,,X,,,,,,,,,,,,,X,,,,,,,,,,,,,,,,,,,,,,,,,,,,,,X,X,,X,,,,,,,,,,,,X,,,,,,,,,,,,,,,,,X,,,,,,,,,,,,,,,,,,,
2660322,,,,,,,,,,,,,,,,X,,,,,,,,X,,,,,,,,,,,X,,,,,,,,,,,,,,,,,,,,,,,,X,,,,,,,,,,,,,,,,,,,,,,,,X,,X,,,,,,,,,,,,,,,,,,,,,,,,,,,X,,,,X,,,,,,,X,,,,,,,,,,,
2319059,,,,,,,,,X,,,X,,,,,,,X,,X,,,X,,,,,,,,,,,X,X,,,,,,,,,,,,,,,,,,,,,,,,,,,,,,,,,X,,,,,,,,,,,,,,X,,X,,,,X,,,,,,,,,,X,,,,,X,,,,,,X,,,,,,,,,,,,,,,,,,,X,,X,,,
1457124,,,,,,,,,,,,,,,,,,,,,,,,,,,,,,,,,,,,,,,,,,,,,,,,,,,,,,X,,,,,,,,,,,,,,,,X,,X,,,,,,,,,,,,,,,,,,,,,,,,,,,,,,,,,,,,X,,,,,,,,,,,,,,,,,,,,,,,,,,
791004,,,,,,,,,X,,,,,,,,,,,,X,,,X,,X,,,,,,,,,,,,,,,,,,,,,,,,,,,,,,,,,,,,,,,,,X,,,,,,,,,,,,,,,,X,,,,,,,,,,,,,,,X,,,,,,,,,,,,,,,,,X,X,,,,X,,,,,,,,,,,,,,
466477,,,,,,,,,,,,,,,,,,,,,,,,,,,,,,,,,,,,,,,,,,,,,,,,,,,,,,,,,,,X,,,,,,,,,,X,,,,,,,,,,,,X,,X,,,,,,,,,,,,,,,,,,,,,X,,X,,,,,,,,,,,,,,,,,,,,,,,,,,,,
2642472,,,,,X,,,,,,,,,,,,,,,,X,,,X,,,,,,,X,,,,,,,X,,,,,,,,,,,,X,,,,,,,,,,,,,,,,,,,,,,,,,,,,,,,,,X,X,,,,,,,,,,,,,,,,,,,,,,,,,,,,X,,,,,,,,,,,X,,,,,,,,,,,
3419643,X,,,,,,,,,,,,,,,,,,X,,,,,X,,,,,,,X,X,,,,,,,,,,,,,,,,,,,,,,,,,,,,,,,,,,,,,,,,,,,,,,,,,X,,X,X,,,,,,,X,,,,,,,,,,,,,,,,,,,,,,,,X,,,,,,,,X,,,,,,,,,,,
703780,,,,,,,,,,,,,,,,X,,,,,X,,,X,,,,,,,,,,,,X,,,,,,,,,,,,,,,,,,,,,,,X,,,,,,,,,,,,,,,,,,,,,,,,X,,,,,,,,X,,X,,,,,,,,,,,,,,,,,,,,,,,X,,,,X,,X,X,,,,,,,X,,,,
3284745,,,,,,,,,,,,,,,,,,,,,,,,,,,,X,,,,,,,,,,,,,,,,,,,,,,,,,,,,,,,,,,,,,,,,,,,,,,,,,X,,,,,,,,,,,,,,,,,,,,,,,,,,,,,,,,,,,,,,X,,,,,,,,,,,,X,,,,,,,
258948,,,,,,,,,,,,,,,,,,,,,,,,X,,,,,,,,,,,,,,,,,,,,,,,,,,,,,,,,,,,,,,,,,,,,,,,,,,,,,,,,,,,,,,,,,,,,,,,,,,,,,,,,,X,,,,,,,,,,,,,,,,,,X,,,,,,,,,,,
2155407,,,,,,,,,,,,,,,,,,,,,,,,X,,,,,,,X,,,,,,,,,,,,,,,,,,,,,,,,,,,,,,,,,,,,,,X,,,,,,,,,,,,,,X,,,,,,,,,,,,,X,,,,X,,,,,,,,,,,,X,,,,,,,,,,,,,,,,,,,,,,
236678,,,,,,,,,,,,,,,,,,,X,,,,,X,,,,,,,,,,,,,,,,,,,,,,,X,,,,,,,,,,,,X,,,,,,,,,,,,,,,,,,,,,,,,X,,,,,,,,X,,,,,,,,,,,,,,,,,,,X,,,,,,,,,,X,,,X,,,,,,,,X,,,
2174341,,,,,,,,,,,,,,,,,,,,,,,,,,,,,,,,X,,,,,X,,,,,,,,,,,,,,,,X,,,,,,X,,,,,,,,,,,,,,,,,,,,,,,,,,,,,,,,,,,,,X,,,,,,,,,,,X,,,,,X,,,,,,,,,,,X,,,,,,,,,,,
323089,,X,,,,,,,,,,,,,,,,,,,X,,,X,,,,,,,,,,,,,,,,,,,,,,,,,,,,,,,,,,,,,,,,,,,,,,,,,,,,,,,,,X,,X,,,X,,,,,,,,,,,,,,,,,,,,,,,,X,,,,,,X,,,,X,,,X,,,,,X,,,,,,
1194585,,,,,,,,,,,,,,,,,,,,,,,,X,,,,,,,,X,,,,,,X,,,,,,,,,,,X,,,,,,,,,,,,,,,,,,,,,,,,,,,,,,,,,,,X,,,,,,,,,,,,,,,,,,,,X,,,,X,,,,,,,,,,,,X,,,,,,,,,,,X,,,
2522964,,,,,,,,,,,,,,,,,,,,,,,,X,,,,,,,,,,,,,,,,,,,,,,,,,,,,,,,,,,,,,,,,,,,,,,,,,,,,X,X,,,,,,,,,,,,,,,,,,,,,,,,,,,,X,,,,,,,,,,,,,,,X,X,,X,,,,,X,,,,,,
859570,,,,,,X,,,,,,,,,,,,,,,,,,,,,,,,,,,,,,,,,,,,,,,,,,,,,,,,,,X,,,,,,,,,,,,,,,,,,,,,,,,,,,,,,,,,,,,,,,,,,,,,X,,,,,,,,,,,,,X,,,,,,,,,,,,,X,,,,,,,
3397029,,,,X,,,,,,,,,,,,,X,,,,X,,,X,,,,,X,,,,,,,,,,,,,,,,,,,,,,,X,,,,,,,,,,,,,,,,,,,,,,,,,,,,,,,,X,,X,,,,,X,,X,,,X,,,,,,,,,,,X,X,,,,X,,,X,X,,,,X,X,,,,,,,X,,,,,,
2752895,,,X,,,,,,,,,,,,,,,,,,,,,,,,,,,,,,,,,,,X,,,,,,,,,,,,,X,,,,,,,,,,X,,,,,,,,,,,,,,,,,X,,,,,,,,,,,,,,,,,,,,,,,,,,,,,X,,,,,,,,X,,,,,X,X,,,,,,,,,,,,,
1008246,,,,,,,,,,,,,,,,,,,,,,,,X,,,,,,,,,,,,,,,,,,,,,,,,,,X,,,,,,,,,,,X,,,,,,,,,,,,,,,,,,,,,,,,,,,,,,,,,,,,,,,,,,,,,,,,,,,,,,,,,,,,,,,,,,,,,,,,,
98137,,,,,,,,,,,,,,,,,,,,,,,,X,,,,,,,,,,,,,,X,,,,,,,X,,,,,,,,,,,,,,,,,,,,,,,,,,,,,,,,,,,,,,,,,,,,,,,,,,,,,,,,,,,,,,,,,,,,,,,,,,,,,,X,,,,,,,,,,,
535405,,,,,,,,,,,,,,,,,,,,,,,,X,,,,,,,,,,,,,,,,,,,,,,,,,,,,,,,,,,,,,X,,,,,,,,,,,,,,,,,,,,,,,,,,,,,,,,,,,,,X,,,,,,,,,,,,,,,,,,,,,,,,,,,,,,,,,,,,
2684253,,,,,,,,,X,,,,,,,X,,,,,,,,X,,,,,,,,,,,X,,,X,,,,,,,,,,,,,X,X,X,,,,,,X,,,,,,,,X,,X,,,X,,,,,,,,,X,,X,X,,,,,,,,,X,,,,,,,,,,,,X,,,X,,,,,,,,X,,,,X,X,X,X,,,,,,,,X,,,
1474952,,,,,,,,,,,,,,,,,,,,,,,,X,,,,,,,,,,,,,,,,,,,,,X,,,,,,,,,,,,,,,,,,,,,,,,,,,,,X,,,,X,,,,,X,,,,,,,,X,,,,,,,X,,,,,,,,X,X,X,,,,X,,,,,,,,X,,,,,,,,,,,X,,,
2043540,,X,,,,,,,,,,,,,,,,,,,,,,X,,,,,,X,,,,,X,,,,,,,,,,,,,,,,,,,,,,,,,,,,,,,,,,X,,,,,,,,,,,,,,X,,,,,,,,,,,,,,,,,,,,,X,,,,,,,,,,,,,,,,,,,,,,,,X,,,,,,
1391005,,,,,,,,,,,,,,,,,,,,,,,,,,,,,,,,,,,,,,,,X,,,,,,,,,,,,,,,,,,,,,,,X,X,,,,,,,,,,,,,,,,,,,X,,,X,,,,,,,,,,,,X,,,,,,,,,,,,,,,,,,,,,,,,X,,,,,,,,,,,,
209542,,X,,X,,,,,,,,X,,X,,,,,,,X,,,,,,,,,,X,,,,,,X,,,,,X,,,,,,,,,,,,,,,,,X,,,,,,,,,,X,,,X,,,,,,X,X,,,,,,,,,X,X,,X,,,,,,,,,,,,,,,,,,,,,X,,,,,,,,,X,,,,,,,,,,,,,
1031044,,,,,,,,,,,,,,,,,,,,,,,,X,,,,,,,,,,,,,,,,,,,,,,,,,,,,,,,,,,,,,,,,,,,,,,,,,,,,,,,,,,,,,,,,,,,,,,,,,,,,,,,,,,,,,,,,,,,X,,,,,,,,X,,,,,,,,,,,
1422631,,,,,,,,,X,,,,,,,X,X,,,,X,,,X,,,,,,,,X,,,,,,,,,,,,,X,,,,,,,,,,,,,,,,,,X,,,,,,,,,,,,,,,,X,,,,X,X,,X,,,,,,,,,,,,,,,,,,,,,,X,,,,X,,,,,,,,X,,,X,,,,,,,,X,,,
2332839,,,,,,,,,X,,,,,,,,,,,,X,,,,,,,,,,,,,,,,,,,,,,,,,,,,,,,,,,,,,,,,,,,,,,,,,,,,,,,,X,,,,,,,,,,,,,,X,,,,,X,,X,,,,,,X,,,X,,,,,,,,,,,,,,,,,,,,,,,,,,,
1528779,,,,,,,X,,,,X,,,,,,,,,,,,,X,,,,,,,,,,,,,,,,,,,,,,,,,,,,,,,,,,,,,,,,,,,,,,,,,,,,,,,,,,,X,,,,,,,,,,,,,,,,,,,,,,,,,,,,,,,,,,,,,X,,,,,,,,,,,,,X,
