,TET3070,ITV0130,IDU0200,IDK0071,IED0150,ITI0021,ITI0050,IDU0230,ISS0010,ISP0040,YMR0170,IDK0051,IDU0220,IRT3930,IDU3350,HLX0020,YMA3710,ITV0110,ITI0011,EKE0140,ISS0050,IDK1031,IAF0041,YFR0011,IDN0011,UTT0010,TTO3160,IAY0010,ISS0110,ITV0010,IDK1011,HHF3080,YMM3731
62465,X,X,X,X,X,X,X,X,X,X,X,X,X,X,X,X,X,X,X,X,X,X,X,X,X,X,X,X,X,X,X,X,X
63197,X,X,X,X,X,X,X,X,X,X,X,X,X,X,X,X,X,X,X,X,X,X,X,X,X,X,X,X,X,X,X,X,X
62732,X,X,X,X,X,X,X,X,X,X,X,X,X,X,X,X,X,X,X,X,X,X,X,X,X,X,X,X,X,X,X,X,X
63718,X,X,X,X,X,X,X,X,X,X,X,X,X,X,X,X,X,X,X,X,X,X,X,X,X,X,X,X,X,X,X,X,X
64009,X,X,X,X,X,X,X,X,X,X,X,X,X,X,X,X,X,X,X,X,X,X,X,X,X,,X,X,X,X,X,X,X
63979,X,X,X,X,X,X,X,X,X,X,X,X,X,X,X,X,X,X,X,X,X,X,X,X,X,X,X,X,X,X,X,X,X
64245,X,X,X,X,X,X,X,X,X,X,X,X,X,X,X,X,X,X,X,X,X,X,X,X,X,X,X,X,X,X,X,X,X
63903,X,X,X,X,X,X,X,X,X,X,X,X,X,X,X,X,X,X,X,X,X,X,X,X,X,X,X,X,X,X,X,X,X
63185,X,X,X,X,X,X,X,X,X,X,X,X,X,X,X,X,X,X,X,X,X,X,X,X,,,X,X,X,X,X,X,X
63179,X,X,X,X,X,X,X,X,X,X,X,X,X,X,X,X,X,X,X,X,X,X,X,X,X,X,X,X,X,X,X,X,X
63184,X,X,X,X,X,X,X,X,X,X,X,X,X,X,X,X,X,X,X,X,X,X,X,X,,,X,X,X,X,X,X,X
63188,X,X,X,X,X,X,X,X,X,X,X,X,X,X,X,X,X,X,X,X,X,X,X,X,,X,,X,X,X,,X,X
62555,X,X,X,X,X,X,X,X,X,X,X,X,X,X,X,X,X,X,X,X,X,X,X,X,X,X,X,X,X,X,X,X,X
62741,X,X,X,X,X,X,X,X,X,X,X,X,X,X,X,X,X,X,X,X,X,X,X,X,,X,X,X,X,X,X,X,X
62742,X,X,X,X,X,X,X,X,X,X,X,X,X,X,X,X,X,X,X,X,X,X,X,X,X,X,X,X,X,X,X,X,X
62358,X,X,X,X,X,X,X,X,X,X,X,X,X,X,X,X,X,X,X,X,X,X,X,X,,,,,,,,X,X
62416,X,X,X,X,X,X,X,X,X,X,X,X,X,X,X,X,X,X,X,X,X,X,X,X,,,,X,,X,X,,X
62462,X,X,X,X,X,X,X,X,X,X,X,X,X,X,X,X,X,X,X,X,X,X,X,X,,,,,,,,,X
62559,X,X,X,X,X,X,X,X,X,X,X,X,X,X,X,X,X,X,X,X,X,X,X,X,,,,,,,X,,X
62357,X,X,X,X,X,X,X,X,X,X,X,X,X,X,X,X,X,X,X,,X,,X,X,,,,,,,,X,
62422,X,X,X,X,X,X,X,X,X,X,X,X,X,X,X,X,X,X,X,X,X,X,X,X,,,,,,,,,
63186,X,X,X,X,X,X,X,X,X,X,X,X,X,X,X,X,X,X,X,X,X,X,X,X,,,,,,X,X,,X
62929,,X,X,X,X,X,X,X,X,X,X,X,X,X,X,X,X,X,X,X,X,X,X,X,X,X,X,,X,X,X,X,X
62464,X,X,X,X,X,X,X,X,X,X,X,X,X,X,X,X,X,X,X,,,,X,X,X,,X,,X,,,X,X
62419,X,X,X,X,X,X,X,X,X,X,X,X,X,X,X,,,X,X,X,X,X,X,X,,X,X,X,X,X,X,X,X
63041,X,X,X,X,X,X,X,X,X,X,X,X,X,X,X,X,X,X,X,X,X,X,X,X,,X,,,,X,,,X
62924,X,X,X,X,X,X,X,X,X,X,X,X,X,X,X,X,X,X,X,X,X,X,X,X,,,,,X,,,X,X
63059,X,X,X,X,X,X,X,X,X,X,X,X,X,X,X,X,X,X,X,,X,X,X,X,,,,,X,X,,,X
63357,X,X,X,X,X,X,X,X,X,X,X,X,X,X,X,X,X,X,X,X,X,X,X,X,,,,,X,X,,X,X
62557,X,X,X,X,X,X,X,X,X,X,X,X,X,X,X,X,X,X,X,,X,,,X,,X,X,,X,X,,,X
64228,X,X,X,X,X,X,X,X,X,X,X,X,X,X,X,X,X,X,X,X,X,,X,X,,,,,X,X,,X,X
62727,X,X,X,X,X,X,X,X,X,X,X,X,X,X,X,X,X,X,X,X,X,X,X,X,X,X,X,X,X,X,X,X,X
62414,X,X,X,X,X,X,X,X,X,X,X,X,X,X,X,X,X,X,X,X,,X,X,,,,,,,X,X,X,X
63176,X,X,X,X,X,X,X,X,X,X,X,X,X,X,X,X,X,X,X,X,X,X,X,X,,,,,,,X,,
62934,X,X,X,X,X,X,X,X,X,X,X,X,X,X,X,X,X,X,X,,,,X,X,,,,,,,,,X
68480,X,X,X,X,X,X,X,X,X,X,X,X,X,X,X,X,X,X,X,X,X,X,X,X,X,X,X,X,X,X,X,X,X
64007,X,X,X,X,X,X,X,X,X,X,X,X,X,X,X,X,X,X,X,,X,X,X,X,,,,,,X,X,,X
68227,X,X,X,X,X,X,X,X,X,X,X,X,X,X,X,X,X,X,X,X,X,X,X,X,X,X,X,X,X,X,X,X,X
68337,X,X,X,X,X,X,X,X,X,X,X,X,X,X,X,X,X,X,X,X,X,X,X,X,X,X,X,X,X,X,X,X,X
63183,X,X,X,X,X,X,X,X,X,X,X,X,X,X,X,X,X,X,X,,X,X,X,X,,,,,,X,X,X,
62685,X,X,X,X,X,X,X,X,X,X,X,X,X,X,X,X,X,X,X,X,,,X,X,,,X,,,,,,X
63222,X,X,X,X,X,X,X,X,X,X,X,X,X,X,X,X,X,X,X,,X,X,X,X,,,,,,,,,X
68237,X,X,X,X,X,X,X,X,X,X,X,X,X,X,X,X,X,X,X,X,X,X,X,X,X,X,X,X,X,X,X,X,X
68241,X,X,X,X,X,X,X,X,X,X,X,X,X,X,X,X,X,X,X,X,X,X,X,X,X,X,X,X,X,X,X,X,X
62733,X,X,X,X,X,X,X,X,X,X,X,X,X,X,X,X,X,X,X,X,X,X,X,X,,,,,,,,,
62928,X,X,X,X,X,X,X,X,X,X,X,X,X,X,X,X,X,X,X,,X,X,X,X,,,,,,,,,
63200,X,X,X,X,X,X,X,X,X,X,X,X,X,X,X,X,X,X,X,,,X,,,,,,,,,,,
68414,X,X,X,X,X,X,X,X,X,X,X,X,X,X,X,X,X,X,X,X,X,X,X,X,X,X,X,X,X,X,X,X,X
62463,X,X,X,X,X,X,X,X,X,X,X,X,X,X,X,X,X,X,X,X,X,X,X,X,X,,,,X,,X,X,
68561,X,X,X,X,X,X,X,X,X,X,X,X,X,X,X,X,X,X,X,X,X,X,X,X,X,X,X,X,X,X,X,X,X
68481,X,X,X,X,X,X,X,X,X,X,X,X,X,X,X,X,X,X,X,X,X,X,X,X,X,X,X,X,X,X,X,X,X
62561,X,X,X,X,X,X,X,X,X,X,X,X,X,X,X,X,X,X,X,,,X,X,X,,,,,,,,,
62927,X,X,X,X,X,X,X,X,X,X,X,X,X,X,X,,X,X,X,,,,X,,,,,,,X,,,
63034,X,X,X,X,X,X,X,X,X,X,X,X,X,X,X,X,X,X,X,,,X,X,X,,,,,,,,,
70406,X,X,X,X,X,X,X,X,X,X,X,X,X,X,X,X,X,X,X,X,X,X,X,X,X,X,X,X,X,X,X,X,X
68421,X,X,X,X,X,X,X,X,X,X,X,X,X,X,X,X,X,X,X,X,X,X,X,X,X,X,X,X,X,X,X,X,X
68423,X,X,X,X,X,X,X,X,X,X,X,X,X,X,X,X,X,X,X,X,X,X,X,X,,,X,X,X,X,,X,X
69049,X,X,X,X,X,X,X,X,X,X,X,X,X,X,X,X,X,X,X,X,X,X,X,X,X,X,X,X,X,X,X,X,X
68232,X,X,X,X,X,X,X,X,X,X,X,X,X,X,X,X,X,X,X,X,X,X,X,X,X,X,X,X,X,X,X,X,X
68238,X,X,X,X,X,X,X,X,X,X,X,X,X,X,X,X,X,X,X,X,X,X,X,X,X,X,X,X,X,X,X,X,X
68567,X,X,X,X,X,X,X,X,X,X,X,X,X,X,X,X,X,X,X,X,X,X,X,X,X,X,X,X,X,X,X,X,X
68420,X,X,X,X,X,X,X,X,X,X,X,X,X,X,X,X,X,X,X,X,X,X,X,X,,X,X,X,X,X,X,X,X
68427,X,X,X,X,X,X,X,X,X,X,X,X,X,X,X,X,X,X,X,X,X,X,X,X,,X,X,X,X,X,X,X,X
69015,X,X,X,X,X,X,X,X,X,X,X,X,X,X,X,X,X,X,X,X,X,X,X,X,X,X,X,X,X,X,X,X,X
68478,X,X,X,X,X,X,X,X,X,X,X,X,X,X,X,X,X,X,X,X,X,X,X,X,X,X,X,X,X,X,X,X,X
68563,X,X,X,X,X,X,X,X,X,X,X,X,X,X,X,X,X,X,X,X,X,X,X,X,,X,X,X,X,X,X,X,X
69020,X,X,X,X,X,X,X,X,X,X,X,X,X,X,X,X,X,X,X,X,X,X,X,X,X,X,X,X,X,X,X,X,X
69042,X,X,X,X,X,X,X,X,X,X,X,X,X,X,X,X,X,X,X,X,X,X,X,X,X,X,X,X,X,X,X,X,X
68422,X,X,X,X,X,X,X,X,X,X,X,X,X,X,X,X,X,X,X,X,X,X,X,X,,,,X,X,X,X,,X
69048,X,X,X,X,X,X,X,X,X,X,X,X,X,X,X,X,X,X,X,X,X,X,X,X,X,X,X,X,X,X,X,X,X
69043,X,X,X,X,X,X,X,X,X,X,X,X,X,X,X,X,X,X,X,X,X,X,X,X,X,X,X,X,X,X,X,X,X
68569,X,X,X,X,X,X,X,X,X,X,X,X,X,X,X,X,X,X,X,X,X,X,X,X,X,X,X,X,X,X,X,X,X
68296,X,X,X,X,X,X,X,X,X,X,X,X,X,X,X,X,X,X,X,X,X,X,X,X,X,X,X,X,X,X,X,X,X
68560,X,X,X,X,X,X,X,X,X,X,X,X,X,X,X,X,X,X,X,X,X,X,X,X,,,,,,,,,X
68416,X,X,X,X,X,X,X,X,X,X,X,X,X,X,X,X,X,X,X,X,X,X,X,X,,,X,,,,,,X
62423,X,X,X,X,X,X,X,X,X,X,X,X,X,,,X,X,X,X,,X,,X,,,,,,,,,X,X
68234,X,X,X,X,X,X,X,X,X,X,X,X,X,X,X,X,X,X,X,X,X,X,X,X,,,,X,,X,X,,X
68224,X,X,X,X,X,X,X,X,X,X,X,X,X,X,X,X,X,X,X,X,X,X,X,X,,,,,,,X,,X
68566,X,X,X,X,X,X,X,X,X,X,X,X,X,X,X,X,X,X,X,,,X,,X,,,,,,,,,
68419,X,X,X,X,X,X,X,X,X,X,X,X,X,X,X,X,X,X,X,X,X,X,X,X,,,,,,X,,X,X
70401,,X,X,X,X,X,X,X,X,X,X,X,X,X,,,X,X,X,X,,X,X,X,X,X,X,,X,X,X,X,X
68233,X,X,X,X,X,X,X,X,X,X,X,X,X,X,X,X,X,X,X,X,X,X,X,X,,,,X,,,,X,X
63054,X,X,X,X,X,X,X,X,X,X,X,X,X,X,X,,X,X,X,X,,,X,X,X,,,,,,X,,
68239,X,X,X,X,X,X,X,X,X,X,X,X,X,X,X,X,X,X,X,,X,X,X,X,,,,X,,,X,X,X
69040,X,X,X,X,X,X,X,X,X,X,X,X,X,X,X,X,X,X,X,X,X,X,X,X,,,X,,,X,,X,X
68564,X,X,X,X,X,X,X,X,X,X,X,X,X,X,X,X,X,X,X,,X,X,X,X,,X,,,X,X,,X,X
69046,X,X,X,X,X,X,X,X,X,X,X,X,X,X,X,X,X,X,X,X,X,X,X,X,,,,X,,X,X,,X
68489,X,X,X,X,X,X,X,X,X,X,X,X,X,X,X,X,X,X,X,X,X,X,X,X,,,,X,X,,,X,X
69047,X,X,X,X,X,X,X,X,X,X,X,X,X,X,X,X,X,X,X,X,X,X,X,X,,X,,,X,X,X,,X
68483,X,X,X,X,X,X,X,X,X,X,X,X,X,X,X,X,X,X,X,X,X,X,X,X,,,,X,,,,X,
69031,X,X,X,X,X,X,X,X,X,X,X,X,X,X,X,X,X,X,X,,X,X,X,X,,,,,,,,X,X
68428,X,X,X,X,X,X,X,X,X,,X,X,X,X,X,X,X,X,X,X,X,X,X,X,,,,X,X,X,X,,X
68417,X,X,X,X,X,X,X,X,X,X,X,X,X,X,X,X,X,X,X,X,X,X,X,X,,X,X,X,,X,X,X,X
68521,X,X,X,X,X,X,X,X,X,X,X,X,X,X,X,X,X,X,X,X,X,X,X,X,X,,,,,X,X,,X
68335,X,X,X,X,X,X,X,X,X,X,X,X,X,X,X,X,X,X,X,X,X,X,X,X,,,,,,X,,,X
62361,X,X,X,X,X,X,X,X,X,X,X,X,X,X,X,X,X,X,X,,X,,X,X,,,,,,X,,,X
63196,X,X,X,X,X,X,X,X,X,X,X,X,X,X,X,X,X,X,X,,X,X,X,,,,,,,,,,X
62765,X,X,X,X,X,X,X,X,X,X,X,X,X,X,X,X,X,X,X,,,,X,X,,,,,,X,,,
74747,X,X,X,X,X,X,X,X,X,X,X,X,X,X,X,X,X,X,X,X,X,X,X,X,X,X,X,X,X,X,X,X,X
69045,X,X,X,X,X,X,X,X,X,X,X,X,X,X,X,X,X,X,X,,,,X,X,,,,,,,,,
68485,X,X,X,X,X,X,X,X,X,X,X,X,X,,,X,X,X,X,,,X,X,,,,,,,,,,
68618,X,X,X,X,X,X,X,X,X,X,X,X,X,X,X,X,X,X,X,X,X,X,X,X,,,,X,,X,,,X
74056,X,X,X,X,X,X,X,X,X,X,X,X,X,X,X,X,X,X,X,X,X,X,X,X,X,X,X,X,X,X,X,X,X
76487,X,X,X,X,X,X,X,X,X,X,X,X,X,X,X,X,X,X,X,X,X,X,X,X,X,X,X,X,X,X,X,X,X
76552,X,X,X,X,X,X,X,X,X,X,X,X,X,X,X,X,X,X,X,X,X,X,X,X,X,X,X,X,X,X,X,X,X
63032,X,X,X,X,X,X,X,X,X,X,X,X,X,X,X,X,X,X,X,,,,X,,,,,,,X,,,
68235,X,X,X,X,X,X,X,X,X,X,X,X,X,X,X,X,X,X,X,,,X,,,,,,X,,X,X,,X
74743,X,X,X,X,X,X,X,X,X,X,X,X,X,X,X,X,X,X,X,X,X,X,X,X,X,X,X,X,X,X,X,X,X
73907,X,X,X,X,X,X,X,X,X,X,X,X,X,X,X,X,X,X,X,X,X,X,X,X,X,X,X,X,X,X,X,X,X
62551,X,X,X,X,X,X,X,X,X,X,X,X,X,,,X,X,X,X,X,,,,X,X,,,,,,X,X,X
63042,X,X,X,X,X,X,X,X,X,X,X,X,X,,,X,X,X,X,,,,,,X,X,X,,,X,,X,
74038,X,X,X,X,X,X,X,X,X,X,X,X,X,X,X,X,X,X,X,,X,,X,,,,,,,,,X,X
68338,X,X,X,X,X,X,X,X,X,X,X,X,X,X,X,X,X,X,X,,X,,X,X,,X,,,,,,X,X
68418,X,X,X,X,X,X,X,X,X,X,X,X,X,X,,X,X,,X,X,X,X,X,X,X,X,,,,,,X,X
69033,X,X,X,X,X,X,X,X,X,X,X,X,X,X,X,X,X,X,X,X,X,X,X,X,,,,X,,,,,
74007,X,X,X,X,X,X,X,X,X,X,X,X,X,X,X,X,X,X,X,X,X,X,X,X,,,,,,X,,X,
74408,X,X,X,X,X,X,X,X,X,X,X,X,X,X,X,X,X,X,X,X,X,X,X,X,,,X,X,,X,X,X,X
62767,X,X,X,X,X,X,X,X,X,X,X,X,X,,,X,X,,,,,,,X,,,X,,X,,,,X
68298,X,X,X,X,X,X,X,X,X,X,X,X,X,X,X,X,X,X,X,X,,X,X,X,,,,,,,,,
74006,X,X,X,X,X,X,X,X,X,X,X,X,X,X,X,X,X,X,X,X,X,X,X,X,X,X,,X,X,X,X,X,X
74521,X,X,X,X,X,X,X,X,X,X,X,X,X,X,X,X,X,X,X,X,X,X,X,X,X,X,X,X,X,X,X,X,X
76359,X,X,X,X,X,X,X,X,X,X,X,X,X,X,X,X,X,X,X,X,X,X,X,X,X,X,X,X,X,X,X,X,X
74750,X,X,X,X,X,X,X,X,X,X,X,X,X,X,X,X,X,X,X,X,X,X,X,X,X,X,X,X,X,X,X,X,X
74479,X,X,X,X,X,X,X,X,X,X,X,X,X,X,X,X,X,X,X,X,X,X,X,X,X,X,X,X,X,X,,X,X
73905,X,X,X,X,X,X,X,X,X,X,X,X,X,X,X,X,X,X,X,X,X,X,X,X,,X,X,X,X,X,,X,X
74050,X,X,X,X,X,X,X,X,X,X,X,X,X,X,X,X,X,X,X,X,X,X,X,X,X,X,X,X,X,X,X,X,X
74142,X,X,X,X,X,X,X,X,X,X,X,X,X,X,X,X,X,X,X,X,X,X,X,X,,X,X,X,X,X,X,X,X
74829,X,X,X,X,X,X,X,X,X,X,X,X,X,X,X,X,X,X,X,X,X,X,X,X,X,X,X,X,X,X,X,X,X
74267,X,X,X,X,X,X,X,X,X,X,X,X,X,X,X,X,X,X,X,X,X,X,X,X,X,X,X,X,X,X,X,X,X
74268,X,X,X,X,X,X,X,X,X,X,X,X,X,X,X,X,X,X,X,X,X,X,X,X,X,X,X,X,X,X,X,X,X
74748,X,X,X,X,X,X,X,X,X,X,X,X,X,X,X,X,X,X,X,X,X,X,X,X,,,X,,,,,X,X
74435,X,X,X,X,X,X,X,X,X,X,X,X,X,X,X,X,X,X,X,X,X,X,X,X,,,,,,X,X,,X
74200,X,X,X,X,X,X,X,X,X,X,X,X,X,X,X,X,X,X,X,X,X,X,X,X,,,,X,,,X,,X
63320,X,X,X,,X,X,X,X,X,X,X,X,X,,,,X,X,X,,,,,X,X,,,,,,,,
63055,X,X,X,,X,X,X,X,X,X,X,X,X,,,,X,X,X,,,,,X,X,,,,,,,,
74174,X,X,X,X,X,X,X,X,X,X,X,X,X,X,X,X,X,X,X,X,X,X,X,X,,X,,X,X,X,X,,X
76739,X,X,X,X,X,X,X,X,X,X,X,X,X,X,X,X,X,X,X,X,X,X,X,X,X,X,,X,X,X,X,X,X
73917,X,X,X,X,X,X,X,X,X,X,X,X,X,X,X,X,X,X,X,X,X,X,X,X,,,X,X,X,X,X,X,
73906,X,X,X,X,X,X,X,X,X,X,X,X,X,X,X,X,X,X,X,X,X,X,X,X,,X,X,X,X,X,,X,X
74064,X,X,X,X,X,X,X,X,X,X,X,X,X,X,X,X,X,X,X,X,X,X,X,X,,,X,X,X,X,X,X,X
73923,X,X,X,X,X,X,X,X,X,X,X,X,X,X,X,X,X,X,X,X,X,X,X,X,,X,X,X,,,,X,X
74061,X,X,X,X,X,X,X,X,X,X,X,X,X,X,X,X,X,X,X,X,X,X,X,X,,X,X,X,X,,,X,X
74195,X,X,X,X,X,X,X,X,X,X,X,X,X,X,X,X,X,X,X,X,X,X,X,X,X,,X,X,X,X,X,,X
76640,X,X,X,X,X,X,X,X,X,X,X,X,X,X,X,X,X,X,X,X,X,X,X,X,X,X,X,X,X,X,X,X,X
74208,X,X,X,X,X,X,X,X,X,X,X,X,X,X,X,X,X,X,X,X,X,X,X,X,,X,,X,X,X,X,X,X
63040,,,,,,,,,,,,,,,,,,,,,,,,,,,,,,,,,
63181,,,,,,,,,,,,,,,,,,,,,,,,,,,,,,,,,
62426,,,,,,,,,,,,,,,,,,,,,,,,,,,,,,,,,
63044,,,,,,,,,,,,,,,,,,,,,,,,,,,,,,,,,
62922,,,,,,,,,,,,,,,,,,,,,,,,,,,,,,,,,
62424,,,,,,,,,,,,,,,,,,,,,,,,,,,,,,,,,
62427,,,,,,,,,,,,,,,,,,,,,,,,,,,,,,,,,
62558,,,,,,,,,,,,,,,,,,,,,,,,,,,,,,,,,
62729,,,,,,,,,,,,,,,,,,,,,,,,,,,,,,,,,
63033,,,,,,,,,,,,,,,,,,,,,,,,,,,,,,,,,
63180,,,,,,,,,,,,,,,,,,,,,,,,,,,,,,,,,
62739,,,,,,,,,,,,,,,,,,,,,,,,,,,,,,,,,
62933,,,,,,,,,,,,,,,,,,,,,,,,,,,,,,,,,
62728,,,,,,,,,,,,,,,,,,,,,,,,,,,,,,,,,
63223,,,,,,,,,,,,,,,,,,,,,,,,,,,,,,,,,
62740,,,,,,,,,,,,,,,,,,,,,,,,,,,,,,,,,
62413,,,,,,,,,,,,,,,,,,,,,,,,,,,,,,,,,
62624,,,,,,,,,,,,,,,,,,,,,,,,,,,,,,,,,
62764,,,,,,,,,,,,,,,,,,,,,,,,,,,,,,,,,
63182,,,,,,,,,,,,,,,,,,,,,,,,,,,,,,,,,
63178,,,,,,,,,,,,,,,,,,,,,,,,,,,,,,,,,
69023,X,X,X,X,X,X,X,X,X,X,X,X,X,,,,X,,,,X,X,,X,,,,,,,,,
74302,X,X,X,X,X,X,X,X,X,X,X,X,X,X,X,X,X,X,X,X,X,,X,X,,,,,,,,X,X
74067,X,X,X,X,X,X,X,X,X,X,X,X,X,X,X,X,X,X,X,X,,,X,X,,,,,,,,X,X
62800,X,X,X,X,X,X,X,X,,,X,X,X,,,,,,X,,,,,,,,,,X,,,,
74078,X,X,X,X,X,X,X,X,X,X,X,X,X,X,X,X,X,X,X,X,X,X,X,X,,,,,,X,,,
74196,X,X,X,X,X,X,X,X,X,X,X,X,X,X,X,X,X,X,X,,,X,X,X,,,,,,,,X,
62737,X,X,X,X,X,X,X,X,X,X,X,X,X,,X,X,X,X,X,X,,,,,,X,X,,X,,,X,
74191,X,X,X,X,X,X,X,X,X,X,X,X,X,X,X,X,X,X,X,X,X,X,X,X,,X,,X,,,,X,X
74271,X,X,X,X,X,X,X,X,X,X,X,X,X,X,X,X,X,X,X,,,X,X,,,,,,,,X,,
73921,X,X,X,X,X,X,X,X,X,X,X,X,X,X,X,X,X,X,X,,,X,X,X,,X,,X,,X,X,,X
74436,X,X,X,X,X,X,X,X,X,X,X,X,X,X,X,X,X,X,X,,X,X,X,X,,X,X,,X,,,X,X
62766,X,,X,X,X,X,X,X,X,X,X,X,X,,,,X,,X,,,,X,,,,,,,,,,X
68295,X,X,X,X,X,X,X,X,X,X,X,X,X,X,X,,X,X,X,,,,X,X,,,,,,,,,X
76741,X,X,X,X,X,X,X,X,X,X,X,X,X,X,X,X,X,X,X,X,X,X,X,X,,X,,X,,,X,,X
74059,X,X,X,X,X,X,X,X,X,X,X,X,X,X,X,X,X,X,X,X,X,X,X,X,,,,,,,X,X,X
69035,X,X,X,X,X,X,X,X,X,X,X,X,X,X,,X,X,X,X,,,X,X,X,,,X,,X,X,,X,X
69036,X,X,X,X,X,X,X,X,X,X,X,X,X,X,X,X,X,X,X,X,X,X,X,X,,,,X,,X,X,X,X
62466,X,X,X,,X,X,X,X,,X,X,,X,X,X,,,X,,,,,X,,,X,X,X,X,X,X,X,X
68615,X,X,X,X,X,X,X,X,X,X,X,X,X,X,X,X,X,X,X,,X,X,,X,,,X,,,,,X,
76429,X,X,X,X,X,X,X,X,X,X,X,X,X,X,X,X,X,X,X,X,X,X,X,X,,,,,,,,X,X
63145,,,,,,,,,,,,,,,,,,,,,,,,,,,,,,,,,
62726,,,,,,,,,,,,,,,,,,,,,,,,,,,,,,,,,
74201,X,X,X,X,X,X,X,X,X,X,X,X,X,X,X,X,X,X,X,X,X,X,X,X,,,X,,X,X,X,X,
76496,X,X,X,X,X,X,X,X,X,X,X,X,X,X,X,X,X,X,X,X,X,X,X,X,,,,X,,,,X,
63980,,X,X,X,X,X,X,X,X,X,X,X,X,X,X,X,X,X,X,X,X,X,X,X,,X,X,X,X,X,X,,
74203,X,X,X,X,X,X,X,X,X,X,X,X,X,X,X,X,X,X,X,,X,X,X,X,,,,X,,,,X,X
62923,,X,X,X,X,X,X,X,X,X,X,X,X,X,,X,X,X,X,,,,X,X,,,,,,X,,,X
70450,X,X,X,X,X,X,X,X,X,X,X,X,X,X,X,X,X,X,X,,,X,X,X,,,,,,X,X,,X
63013,,X,X,X,X,X,X,X,X,,X,X,X,,,X,,X,X,,,,X,X,,,,,,X,,,
62553,,X,X,X,X,X,X,X,,X,X,,X,,,X,,,X,,,,X,X,,,,,,,,,
64969,X,X,X,X,X,X,X,X,,X,,X,X,,,,X,,X,,,,X,X,X,X,X,,,,,X,
62734,X,X,X,X,X,X,X,X,,X,X,X,X,,,X,X,,X,,,,X,X,,,,,,X,,,X
74204,X,X,X,X,X,X,X,X,X,X,X,X,X,X,X,X,X,X,X,,,X,X,X,,,,,X,,X,,X
60099,X,X,X,X,X,X,X,X,X,X,X,,X,,,X,X,,X,X,X,X,X,X,X,X,,X,X,X,X,X,X
62556,,X,X,,,X,X,X,X,,X,,X,X,X,,,X,X,,,,X,,,,,,X,X,,,
68336,X,X,X,X,X,X,X,X,X,X,X,X,X,X,X,X,X,X,X,X,,X,X,X,,,,,,,,,X
68226,,X,X,X,X,X,X,X,X,X,X,X,X,X,X,X,X,X,X,,,,X,,,,,,,,,,X
69029,X,X,X,X,X,X,X,X,X,X,X,X,X,,X,X,X,,X,,,,,X,,,,,,X,,,X
69018,X,X,X,X,X,X,X,X,X,X,X,X,X,,X,X,X,,,X,X,,X,X,,,,,X,,,X,X
68858,,X,X,X,X,X,X,X,X,X,X,X,X,,X,X,,X,X,,,X,,,,,,,,,X,,
70612,,X,X,X,X,X,X,X,,X,X,X,X,,,X,,X,X,X,X,,,X,,X,X,,X,X,,X,X
63225,X,X,X,X,X,X,X,X,,X,X,X,X,X,X,X,,X,X,,,,X,X,,,,,,,,,
68424,X,X,X,X,X,X,X,X,X,X,X,X,X,X,X,X,X,X,,,X,,X,X,X,X,X,,X,,X,X,
64207,X,X,X,X,X,X,X,X,X,X,X,X,X,X,,X,X,X,X,,,X,X,X,,,,,,,X,,X
71066,X,X,X,X,X,X,X,X,X,X,X,X,X,,X,,X,X,X,,X,X,,X,,,X,,,,,,X
74055,X,X,X,X,X,X,X,X,X,X,X,X,X,X,,,X,X,X,,,,X,X,,,,,X,,X,,X
74240,X,X,X,X,X,X,X,X,X,X,X,X,X,X,X,,X,X,X,,,,X,X,,,X,,X,,,,X
68614,X,X,X,X,X,X,X,X,X,X,X,X,X,X,X,,X,X,X,,X,X,X,X,X,,,,,,X,,X
74072,X,X,X,X,X,X,X,X,X,X,X,X,X,X,,,X,X,X,,,,,,,,,,,,,X,X
69030,,,,,,,,,,,,,,,,,,,,,,,,,,,,,,,,,
68488,,,,X,,,,,,,X,,,,,X,,,,,,,,,,,,,,,,,
68331,,,,,,,,,,,,,,,,,,,,,,X,,X,,,,,,,X,,
68450,,,,,,,,,,,,,,,,,,,,,,,,,,,,,,,,,
63016,,,,,,,,,,,X,,,,,,,,,,,,,,,,,,,,,,
63358,,,,,,,,,,,,,,,,,,,,,,,,,,,,,,,,X,
62560,,,,,,,,,,,,,,,,,X,,,,,,,,,,,,,,,,
69032,,,,,,,,,,,,,,,,,,,,,,,,,,,,,,,,,
63187,,,,,,,,,,,,,,,,,X,,,,,,,,,,,,,,,,
68319,,,,,,,,,,,,,,,,,,,,,,X,X,,,,,,,,X,,
68323,,,,,,,,,,,,,,,,,,,,,,X,,X,,,,,,,X,,
68519,,,,,,,,,,,,,,,,,,,,,,,,,,,,,,,,,
63199,,,,,,,,,,,,,,,,,X,,,,,,,,,,,,,,,,
62554,,,,,,,,,,,,,,,,,,,,,,,,,,,,,,,,,
63038,,,,,,,,,,,X,,,,,,,,,,,,X,,,,,,,,X,,
68617,,,,,,,,,,,,,,,,,,,,,,,,,,,,,,,,,
62925,,,,,,,,,,,,,,,,,,,,,,,,,,,,,,,,X,
69025,,,,,,,,,,,,,,,,,,,,,,,,,,,,,,,,,
62743,,,,,,,,,,,,,,,,,,,,,,,,,,,,,,,,,
68616,,,,,,,,,,,,,,,,,,,,,,,,,,,,,,,,,
69168,,,,,,,X,,,,,,,,,,,,,,,,,,,,,,,,,,
68293,,,,,,,,,,,,,,,,,,,,,,,,,,,,,,,,,
69021,X,,,,,,,,,,,,,,,,,,,,,,,,,,X,,,,,X,
62360,,,,,,,,,,,,,,,,,,,,,,,,,,,,,,,,,
68297,,,,,,,,,,,,,,,,,,,,,,,,,,,,,,,,,
68565,,,,,,,,,,,,,,,,,,,,,,,,,,,,,,,,,
64008,,,,,,,,,,,,,,,,X,X,,,,,,,X,,X,X,,,,X,X,X
63177,,,,,,,,,,,,,,,,,,,,,,,,,,,,,,,,,
73899,X,X,X,X,X,X,,X,X,X,X,X,X,X,X,,,X,,,,,,,,,,,,,,,
69044,X,X,X,,X,X,X,X,X,X,X,X,X,,,X,X,X,X,,X,,,,,,X,,,,,,
74292,X,X,X,X,X,X,X,X,X,X,X,X,X,X,X,X,X,X,X,,,,X,X,,,,X,,X,,,
63174,X,,X,,,,X,X,,,,X,X,,,,X,,X,,,,,X,,,,,,,,,X
68612,X,,X,,X,X,X,X,X,X,X,X,X,,,X,,,X,X,,X,X,X,,,X,,,X,,,X
73994,X,X,X,X,X,X,X,X,X,X,X,X,X,,X,,X,X,X,X,,,X,,,,,,,,,X,
69057,,X,X,X,,X,X,X,,,X,X,X,X,,X,X,X,X,,X,X,X,X,X,X,,,X,,,X,
74749,X,X,X,X,X,X,X,X,X,X,X,X,X,X,X,X,X,X,X,X,X,X,X,X,,,,,,,,X,
62763,X,,,,X,,,,X,X,X,X,,,,X,X,,,X,,,,X,,,,,,,,X,X
74407,X,X,X,X,X,X,X,X,X,X,X,X,X,,,,X,,X,,,,,X,,,,,,X,,,
63012,X,X,X,,X,X,X,X,X,X,X,X,X,,,,X,,X,,,X,,X,X,,X,,,,X,X,
68562,X,X,X,,X,X,X,X,,X,X,X,X,,,,X,,,,,,,,,,,,,,,X,X
74744,X,X,X,X,X,X,X,X,X,X,X,X,X,,,,,X,X,,,X,,,,,,,,,,,
74799,X,X,X,X,X,X,X,X,X,X,X,X,X,,,,X,X,X,,,X,X,X,,,,,,,,,
68449,X,X,X,,X,,,X,,,,,,,,,,,,,,,,,,,,,,,,,
69034,X,,X,X,X,X,X,X,X,X,X,,X,X,X,X,X,,,X,,,,,,,,,X,,,X,X
74075,X,X,X,X,X,X,X,X,,,X,X,X,,,,,X,X,,,X,X,,,,,,,,,,
73920,X,X,X,X,X,X,X,X,X,X,X,X,X,,,,,X,,,X,,X,X,,,,,,,,,
74293,,X,X,X,X,X,X,X,X,X,X,X,X,,,,,X,X,,,,,,,,,,,,,,
63036,,,,,,,,,,,,,,,,,,,,,,,,,,,,,,,,,
62731,,,,,,,,,,,,,,,,,,,,,,,,,,,,,,,,,
68231,,,,,,,,,,,,,,,,,,,,,,,,,,,,,,,,,
68559,,X,X,,,X,X,X,,,X,X,X,,,X,,X,X,,,,,,,,,,,,,,
73919,X,X,X,X,X,X,X,X,X,X,X,X,X,,,X,X,X,X,,,,,,,,,,,,,,
69039,X,X,X,,X,X,,,,X,,X,,,,,X,,,,,,,,,,,,,,,,
74295,X,X,X,X,X,X,X,X,,X,X,X,X,,,,,X,X,,,,X,X,,,,,,,,,
68425,,,X,,X,X,X,X,,,X,X,X,,,,,,,,,,X,X,,,,,X,,,,
62736,,X,,,,X,X,X,,,X,,,,,,X,X,,,,,X,X,,X,X,,,X,,,
68229,X,,,,X,,X,X,X,,X,,X,,,X,,X,,,,,,,,,,,,,,,X
62725,,X,X,,,,,X,,,,,X,,,X,,,,,,,,,,,,,,,,,
69017,,,,,,,X,X,,,,X,X,,,,,X,,,,X,,,,,,,,,,X,
68399,,,,,,X,X,,,,,,,,,,,X,X,,,,,,X,,,,,,,,
62768,,X,X,,X,X,,X,,,,,X,,,,,,,,,,,,,,,,,,,,
62552,,,,,,,,,,,,,,,,,,,,,,,,,,,,,,,,,
64244,X,X,X,X,X,X,X,X,,X,X,,,,,,X,,,,,,,X,,,,,,,,X,X
62496,,,,,,,,,,,,,,,,X,,,,,,X,,,,,,,,,X,,
62646,X,,,,,,,,,,,,,,,X,X,,,X,,,,X,,X,X,,,,,,X
68221,X,,,,,,X,X,,,X,,,,,X,,,,,,,,,,,,,,,,,
62762,X,,X,,X,,,,,,X,,,,,,,,,,,,,,,,,,,,,,
62801,X,,,,,,,,,,,,,,,,X,,,,,,,,,,,,,,,,
62805,X,X,,X,,,X,,,,X,,,,,,,,,,,,,,,,,,,,,,
74341,,,,,,,,X,,,,,,,,,,,X,,,X,X,,X,,,,X,,X,,
63298,X,X,X,X,X,X,X,X,,X,X,,,,,,X,,,,,,,,,,,,,,,,
73900,,X,X,,,,X,X,,,X,X,,,,,X,X,,,,,,,,,,,,,,X,X
73904,,,,,,,,,,,,,,,,,,,,,,,,,,,,,,,,X,
63189,,,X,,X,,X,X,,X,X,X,,,,,X,,X,X,X,,,,,,,,,,,,
73918,X,X,X,X,X,X,X,X,,,,,,,,,,,,,,,,,,,,,,,,,
63198,,,,,,,,,,,,,,,,,,,,,,,,,,,,,,,,,
73937,,X,X,,,,X,,X,X,X,X,X,,,X,,,,,,,,,,X,,,,X,,X,
73938,X,X,X,X,X,X,X,X,,,,,,,,,,,X,,,,,,,,,,,,,,
73940,X,X,X,X,X,X,X,X,,X,X,X,X,X,,X,X,X,X,,,X,X,,,,,,,,,,
74275,X,,X,,,,,X,X,,,,,,,X,,,,,,,,,,,,,,,X,X,
74037,,,X,,,,,X,,,X,,,,,,X,X,,,,,,,,,,,,,,X,
69041,,,,,,,X,,,,X,,,,,,,,X,,,,,X,,,,X,,,,X,
74049,,,,,,,,,,,,,,,,,,,,,,,,,,,,,,,,X,
76397,X,,,,,,X,X,,,,,,,,,,,X,,,,X,,,,,,,,,,
74051,,,X,,,,X,X,,,X,X,X,,,,X,X,X,,,,X,,,,,,,,,,
74053,,,,,,,,,,,,,,,,,,,,,,,,,,,,,,,,X,
74054,,,,,,,,,,,X,,,,,,X,,,,,,,X,,,,,,,,,X
74057,X,X,X,X,X,X,X,X,,,,,,,,,,,,,,,,,,,,,,,,,
74058,,,,,,,X,,,,X,,,,,,,,,,,,,,,,,,,,,,
73980,X,X,X,X,X,X,X,X,X,X,X,X,X,,,,X,X,X,X,,,,X,X,,,,,,,,
74060,,,,,X,,,,,,X,,,,,,,,,,,,,X,,,,,,,,X,
68324,X,X,X,X,X,X,X,X,,X,X,X,X,,X,,,X,X,X,,X,,X,X,,X,,X,,X,,
74062,,,,,,,,,,,,,,,,,,,,,,,,,,,,,,,,,
74063,,,X,,,,,,,,,,,,,,,,,,,,,,,,,,,,,,
74065,,,X,,X,,X,,,,X,,,,,,,,,X,,,,,,,,,,,,X,
74070,,,,,,,X,,,,,,,,,,,,,,,,,,,,,,,,,X,
74074,,,,,,,,X,,,,,,,,,,,,,,,X,,,,,,,,,,
74088,,,,,,,,,,,,,,,,,,,,,,X,,,,,,X,,,,,
74126,X,,X,X,X,X,X,X,,X,X,,,,,,X,,,,,,,,,,,,,,,,
74127,X,X,X,X,X,X,X,X,,,X,X,X,,,,X,X,X,,,,,,,,,,,,,X,
74140,,,,,X,,,,,,,,,,,,,,,,,,,,,,,,,,,,
74141,X,X,X,X,X,X,X,X,X,,X,X,X,X,X,,X,X,,,,,,,,,,,X,,,,
63043,X,X,X,,X,,X,,,,X,X,,,,,,,,,,,,,,,,,,,,,
76371,,,,,,,X,X,,,,,X,,,,,X,,,,,,,,,,,,,,,
74173,X,X,,,,X,X,X,,,,,X,,,,,X,,,,,,,,,,,,,,,
74190,,,,,,,,,,,,,,,,,,,,,,,,,,,,,,,,,
74199,,,X,,,,,X,,,X,,X,,,,X,,,,,,,,,,,,,,,,
74209,X,X,X,,,,X,X,X,,,,X,,,X,,X,,,,,,,,X,,,X,,,X,X
74239,X,,X,,X,X,X,,,,X,X,,,,,,X,,,X,,,,,,X,,X,X,,X,
74264,X,X,X,,,,X,X,,X,,X,X,X,,,,,,,,,,,,,,,,,X,,
74266,,,X,X,X,X,X,X,,,,X,X,,,X,,X,,,,,,,,,,,,,,,
76575,X,X,X,,X,X,X,X,,,X,X,X,X,,,X,X,X,,,,,,,,,,,,,,
74294,X,X,X,X,X,X,X,X,X,X,X,X,X,X,X,X,X,X,X,,,,X,X,,,,,,,,,
74299,,X,X,X,X,X,X,X,,X,,X,X,,,X,,X,X,,,X,,,,,,,,,X,,
74300,,X,,X,X,X,X,X,X,,X,,X,X,,,X,,,,X,,X,X,,,,,,,,X,
74301,,,,,,,,,,,,,,,,,,,,,,,,,,,,,,,,,
74457,,,,,,,,,,,,,,,X,X,,,,,,X,,,,,,,,,,X,
74458,X,,X,,X,X,,,,,X,,,,,,X,,,,,,,,,,,,,,,,
74459,,,X,,,,,,,,X,,,,,,X,,,,,,,,,,,,,,,,
74478,X,,,X,X,X,X,X,,,,,,,,,,,,,,,,,,,,,,,,,
74480,X,X,X,X,X,X,X,X,,,,,,,,,,,,,,,,,,,,,,,,,
74520,,,,,,,,X,,,,,X,,,X,,,,,,,,,,,,,,,,,
76537,,,X,,X,X,X,,,,X,X,,X,,,X,,,,,,,X,,,,,,,,,X
74544,,,X,X,X,X,X,X,,,,X,X,,,X,X,X,,,,,,,,,,,,,,,X
74548,,,,,,,,,,,,,,,,,,,,,,,,,,,,,,,,,
74549,,X,,X,X,X,X,X,,,X,,,,,,X,X,X,,,,,,,,,,,,,X,
74745,X,,X,,X,X,X,,,X,X,X,,,,,X,X,X,,,,,X,,,,,,,,,X
74746,X,X,X,X,X,X,X,X,,X,X,X,X,,,,X,X,X,,,,X,,,,,,,,,X,X
74779,,X,X,,,,,X,,,X,,,,,,,,,,,,,,,,,,,,,,
74800,,,X,,,,,X,,,,,,,,,,,,,,,,,,,,,,,,,
63166,,X,X,,X,,X,X,,,,X,X,,X,,X,,,,,,X,,,,,,,,X,X,
68228,,,,,X,X,,,,,,,,,,,,,,X,,,,,,,,,,,,,
68230,X,X,X,X,X,X,X,X,,X,X,X,X,,,X,,X,X,,,,X,,,,,,,,,,
68240,,,,,,,X,,,,,,,,,,,,,,,,,,,,,,,,,,
76740,X,X,X,,X,X,X,X,,X,X,X,X,X,X,,X,X,X,,X,,,X,,,,,,,,,X
68250,X,,,,,X,X,X,,,,X,X,,,,X,,,,,,,,,,,,,,,,X
68291,,,,,,,X,,,,,,,,,,,,,,,,,,,,,,,,,,
68292,X,X,X,,,,,X,,,,,,,,,,,,,,,,,,,,,,,,,
68328,X,X,X,X,X,X,X,X,X,X,X,X,X,,,X,,X,X,X,,X,X,X,X,,,,,,X,X,
68415,,,X,,,X,,,,,,,,,,X,,,,X,,,,,,,,,,,,,
68843,,,,X,,X,X,X,,,,X,,,,,,X,X,,,,,,,,,,,,,X,
68429,,,,,,,,,X,,,,X,,,,,,,X,,,X,X,,,X,X,X,,X,X,X
68451,X,,,,X,X,,,,X,,,,,,,,,,,,,,,,,,,,,,,
68479,,X,X,,X,,,,,X,,,,,,,,,,,,,,,,,,,,,,,
60220,X,X,,,,X,X,X,,,,,X,,,,,,,,,,,,,,,,,,X,,
68482,,X,X,,,X,,X,,X,,,X,,,,,,,,,,,,,,,,,,,,
68484,,,,,,,,,,,,,,,,,,,X,,,,,,,,,,,,,,
68486,,,X,,,,X,,,,,,,,,,,,X,,,,,,,,,,,,,,
68487,X,X,,,,,,X,,,X,,X,,,X,,,,,,,,,,,,,,,,,
68490,,,,,,,,,,X,X,,,,,X,,X,,,,,,,,,,,,,,,
68491,,X,X,,X,X,X,,,,X,,X,,,,,,,,,,,,,,,,,,,,
68520,,,,,,,X,X,,,X,,X,,,X,,,,,,,,,,,,,,,,,
68558,,,,,X,X,X,,,,,,,,,,,,,,,,,,,,,,,,,,
69016,,,,,,,,,,,,,,,,,,,,X,,,,X,,,,,,,,,X
69019,,,,,,,,,,,,,,,,,,,,,,,,,,,,,,,,,
69022,,,,,,,,,,,,,,,,,,,,,,,,,,,,,,,,,
69028,,,X,,X,X,,X,,,,X,,,,,X,,,X,,X,,X,,,,,,,,,
69038,,,X,,,,,,,,,,,,,,,,,,,,,,,,,,,,,,
68294,,,,,,,X,X,,,X,X,X,,,,,,,,,,,X,,,,,,,,,
74080,,X,X,X,X,X,X,X,,,,,,,,,,,,,,,,,,,,,,,,,
69148,X,X,X,,X,X,X,X,,,X,,X,,X,X,,,,,X,,,,,,,,X,,,,
62926,X,,,,,,,,,,,,,,,,X,,,,,,,X,,,,,,,,,
62738,,X,X,,,,,,,X,,,,,,,,,,,,,,,,,,,,,X,,
62735,,,X,,,,,,,,,,,,,,,,,,,,,,,,,,,,,,
64177,,,,,,,,,,,,,,,,,X,,,,,,,,,,,,,,,,
73941,X,X,X,X,X,X,X,X,,,,X,,,,,,,,,,,,,,,,,,,,,
63035,,,,,X,X,X,X,,X,X,,X,,,,,X,,,,,,,,,,,,,,,X
69024,,,,,,,,,,,,,,,,,,,,,,,,,,,,,,,,,
63037,,,,,,,,,,,,,,,,,,,,,,,,,,,,,,,,,
69027,,X,,,X,X,X,X,,X,,,,,,,,,,,,X,,,,,,,,,,,X
63007,,X,X,,,X,,X,X,,X,X,X,X,,,X,,,,,X,,X,X,,,,,,X,,
69037,,X,X,X,,X,X,X,X,,X,X,X,,,,,X,X,,,,X,,,,,X,,X,,X,
68657,X,X,X,X,X,X,X,X,X,X,X,X,X,,X,X,,X,X,X,,X,X,X,X,,,,X,,X,X,
63175,X,,X,,,X,X,X,,,,X,,,,,X,,X,,,,,,,,,,,,,,
62359,,,X,,X,X,,X,,,X,,,,X,X,,,,X,,X,,X,,,,,,,,X,X
68568,,,,,,,,,,,,,,,,X,,,,,,,,,,,,,,,,,
74547,,,,,,,,,,,,,,,,,,,,,,,,,,,,,,,,,
73975,,,,,,,,,,,,,,,,,,,,,,,,,,,,,,,,,
74068,,,,,,,,,,,,,,,,,,,,,,,,,,,,,,,,,
68430,,,,,,,,,,,X,,,,,,,,,,,,,,,,,,,,,,
63224,,,,,,,,,,,,,,,,,X,,,,,,,,,,,,,,,,
74036,,,,,,,,,,,,,,,,,,,,,,,,,,,,,,,,X,
74143,,,,,,,,,,,,,,,,,,,,,,,,,,,,,,,,X,
74052,,,,,,,,,,,,,,,,,,,,,,,,,,,,,,,,,
68236,,,,,,,,,,,,,,,,,,,,,,,,,,,,,,,,,
68223,,,,,,,,,,,,,,,,,,,,,,,,,,,,,,,,,
73869,,,,,,,,,,,,,,,,,,,,,,,,X,,,,,,,,,
74048,,,,,,,,,,,,,,,,,,,,,,,,,,,,,,,,,
74265,,,,,,,,,,,,,,,,,,,,,,,,,,,,,,,,,
74066,,,,,,,,,,,,,,,,,,,,,,,,,,,,,,,,,
68334,,,,,,,,,,,,,,,,,,,,,,,,,,,,,,,,,
68339,,,,,,,,,,,,,,,,,,,,,,,,,,,,,,,,,
74069,,,,,,,,,,,,,,,,,,,,,,,,,,,,,,,,,
69026,,,,,,,,,,,,,,,,,,,,,,,,,,,,,,,,,X
74460,,,,,,,,,,,,,,,,,,,,,,,,,,,,,,,,,
74076,,,,,,,,,,,,,,,,,,,,,,,,,,,,,,,,,
68447,,,,,,,,,,,,,,,,,,,,,,X,,,,,,,,,X,X,
74035,,,,,,,,,,,,,,,,,,,,,,,,,,,,,,,,,
68330,,,,,,,,,,,,,,,,,X,,,,,X,,X,,,,,,,X,,
73903,,,,,,,,,,,,,,,,,,,,,,,,,,,,,,,,,
69169,,,,,,,,,,,,,,,,,,,,,,,,,,,,,,,,,
73833,,,,,,,,,,,,,,,,X,,,,,,,,,,,,,X,,,X,
73995,,,,,,,,,,,,,,,,,,,,,,,,,,,,,,,,,
68431,,,,,,,,,,,,,,,,,,,,,,,,,,,,,,,,,
74546,,,,,,,,,,,,,,,,,,,,,,,,,,,,,,,,,
68574,,,,,,,,,,,,,,,,,,,,,,,,,,,,,,,,,
74432,X,,X,,X,X,X,X,X,,X,,,X,,X,X,,,,X,,,,,X,X,X,X,X,,X,X
74077,X,X,X,X,X,X,X,X,,,,X,X,,,,,X,X,,,,,,,,,,,,,,X